"id","collarid","attributecolumn","attributevalue","modifieddate","modifiedby","mrtdetailid"
"1769961",153802,"Elevation","359.251",NULL,NULL,116852
"1769962",153802,"TD","127",NULL,NULL,116853
"1769963",153802,"Drilling_code","RC",NULL,NULL,116854
"1769964",153802,"Tenement","M59/421",NULL,NULL,116855
"1769965",153802,"Drill_Date","30-Nov-03",NULL,NULL,116856
"1770087",153816,"Elevation","359.737",NULL,NULL,116852
"1769966",153802,"Drilling_Company","""Layne Drilling Pty. Ltd., Perth""",NULL,NULL,116857
"1769967",153802,"HoleDiam","135mm",NULL,NULL,116858
"1769968",153802,"PSI","300",NULL,NULL,116859
"1769969",153802,"Prospect","Silverstone",NULL,NULL,116861
"1769970",153803,"Elevation","359.132",NULL,NULL,116852
"1769971",153803,"TD","130",NULL,NULL,116853
"1769972",153803,"Drilling_code","RC",NULL,NULL,116854
"1769973",153803,"Tenement","M59/421",NULL,NULL,116855
"1769974",153803,"Drill_Date","30-Nov-03",NULL,NULL,116856
"1769975",153803,"Drilling_Company","""Layne Drilling Pty. Ltd., Perth""",NULL,NULL,116857
"1769976",153803,"HoleDiam","135mm",NULL,NULL,116858
"1769977",153803,"PSI","300",NULL,NULL,116859
"1769978",153803,"Prospect","Silverstone",NULL,NULL,116861
"1769979",153804,"Elevation","359.122",NULL,NULL,116852
"1769980",153804,"TD","120",NULL,NULL,116853
"1769981",153804,"Drilling_code","RC",NULL,NULL,116854
"1769982",153804,"Tenement","M59/421",NULL,NULL,116855
"1769983",153804,"Drill_Date","01-Dec-03",NULL,NULL,116856
"1769984",153804,"Drilling_Company","""Layne Drilling Pty. Ltd., Perth""",NULL,NULL,116857
"1769985",153804,"HoleDiam","135mm",NULL,NULL,116858
"1769986",153804,"PSI","300",NULL,NULL,116859
"1769987",153804,"Prospect","Silverstone",NULL,NULL,116861
"1770060",153813,"Elevation","359.387",NULL,NULL,116852
"1770061",153813,"TD","174",NULL,NULL,116853
"1770062",153813,"Drilling_code","RC",NULL,NULL,116854
"1770063",153813,"Tenement","M59/421",NULL,NULL,116855
"1770064",153813,"Drill_Date","05-Dec-03",NULL,NULL,116856
"1770065",153813,"Drilling_Company","""Layne Drilling Pty. Ltd., Perth""",NULL,NULL,116857
"1770066",153813,"HoleDiam","135mm",NULL,NULL,116858
"1770067",153813,"PSI","300",NULL,NULL,116859
"1770068",153813,"Prospect","Silverstone",NULL,NULL,116861
"1770088",153816,"TD","146",NULL,NULL,116853
"1770089",153816,"Drilling_code","RC",NULL,NULL,116854
"1770090",153816,"Tenement","M59/421",NULL,NULL,116855
"1770091",153816,"Drill_Date","06-Dec-03",NULL,NULL,116856
"1770092",153816,"Drilling_Company","""Layne Drilling Pty. Ltd., Perth""",NULL,NULL,116857
"1770093",153816,"HoleDiam","135mm",NULL,NULL,116858
"1770094",153816,"PSI","300",NULL,NULL,116859
"1770095",153816,"Prospect","Silverstone",NULL,NULL,116861
"1770249",153834,"Elevation","358.549",NULL,NULL,116852
"1770250",153834,"TD","144",NULL,NULL,116853
"1770251",153834,"Drilling_code","RC",NULL,NULL,116854
"1770252",153834,"Tenement","M59/421",NULL,NULL,116855
"1770253",153834,"Drill_Date","07-Dec-03",NULL,NULL,116856
"1770254",153834,"Drilling_Company","""Layne Drilling Pty. Ltd., Perth""",NULL,NULL,116857
"1770255",153834,"HoleDiam","135mm",NULL,NULL,116858
"1770256",153834,"PSI","300",NULL,NULL,116859
"1770257",153834,"Prospect","Silverstone",NULL,NULL,116861
"1770258",153835,"Elevation","358.533",NULL,NULL,116852
"1770259",153835,"TD","150",NULL,NULL,116853
"1770260",153835,"Drilling_code","RC",NULL,NULL,116854
"1770261",153835,"Tenement","M59/421",NULL,NULL,116855
"1770262",153835,"Drill_Date","06-Dec-03",NULL,NULL,116856
"1770263",153835,"Drilling_Company","""Layne Drilling Pty. Ltd., Perth""",NULL,NULL,116857
"1770264",153835,"HoleDiam","135mm",NULL,NULL,116858
"1770265",153835,"PSI","300",NULL,NULL,116859
"1770266",153835,"Prospect","Silverstone",NULL,NULL,116861
"6727010",548917,"Drill_code","RC",NULL,NULL,372969
"6727011",548917,"Total_depth","214",NULL,NULL,372970
"6727012",548917,"Elevation","331.316",NULL,NULL,372973
"6727013",548917,"Lease_ID","E59/1002",NULL,NULL,372974
"6727014",548917,"Date_Complete","03-Jul-07",NULL,NULL,372975
"6727015",548917,"Drill_contractor","Strange",NULL,NULL,372976
"6727016",548918,"Drill_code","RC",NULL,NULL,372969
"6727017",548918,"Total_depth","198",NULL,NULL,372970
"6727018",548918,"Elevation","321.677",NULL,NULL,372973
"6727019",548918,"Lease_ID","E59/1002",NULL,NULL,372974
"6727020",548918,"Date_Complete","06-Jul-07",NULL,NULL,372975
"6727021",548918,"Drill_contractor","Strange",NULL,NULL,372976
"6727022",548919,"Drill_code","RC",NULL,NULL,372969
"6727023",548919,"Total_depth","250",NULL,NULL,372970
"6727024",548919,"Elevation","357.628",NULL,NULL,372973
"6727025",548919,"Lease_ID","E59/1002",NULL,NULL,372974
"6727026",548919,"Date_Complete","10-Jul-07",NULL,NULL,372975
"6727027",548919,"Drill_contractor","Strange",NULL,NULL,372976
"6727028",548920,"Drill_code","RC",NULL,NULL,372969
"6727029",548920,"Total_depth","250",NULL,NULL,372970
"6727030",548920,"Elevation","351.116",NULL,NULL,372973
"6727031",548920,"Lease_ID","E59/1002",NULL,NULL,372974
"6727032",548920,"Date_Complete","15-Jul-07",NULL,NULL,372975
"6727033",548920,"Drill_contractor","Strange",NULL,NULL,372976
"6727034",548921,"Drill_code","RC",NULL,NULL,372969
"6727035",548921,"Total_depth","252",NULL,NULL,372970
"6727036",548921,"Elevation","323.555",NULL,NULL,372973
"6727037",548921,"Lease_ID","E59/1002",NULL,NULL,372974
"6727038",548921,"Date_Complete","03-Aug-07",NULL,NULL,372975
"6727039",548921,"Drill_contractor","Strange",NULL,NULL,372976
"6727040",548922,"Drill_code","RC",NULL,NULL,372969
"6727041",548922,"Total_depth","240",NULL,NULL,372970
"6727042",548922,"Elevation","325.607",NULL,NULL,372973
"6727043",548922,"Lease_ID","E59/1002",NULL,NULL,372974
"6727044",548922,"Date_Complete","11-Aug-07",NULL,NULL,372975
"6727045",548922,"Drill_contractor","Strange",NULL,NULL,372976
"6727052",548924,"Drill_code","RCD",NULL,NULL,372969
"6727053",548924,"Total_depth","198.4",NULL,NULL,372970
"6727054",548924,"Elevation","347.521",NULL,NULL,372973
"6727055",548924,"Lease_ID","E59/1002",NULL,NULL,372974
"6727056",548924,"Date_Complete","08-Aug-07",NULL,NULL,372975
"6727057",548924,"Drill_contractor","Mt Magnet",NULL,NULL,372976
"6727058",548925,"Drill_code","RCD",NULL,NULL,372969
"6727059",548925,"Total_depth","353.2",NULL,NULL,372970
"6727060",548925,"Elevation","356.657",NULL,NULL,372973
"6727061",548925,"Lease_ID","E59/1002",NULL,NULL,372974
"6727062",548925,"Date_Complete","02-Aug-07",NULL,NULL,372975
"6727063",548925,"Drill_contractor","Mt Magnet",NULL,NULL,372976
"8851805",724523,"Drill_code","RC",NULL,NULL,471825
"8851806",724523,"Total_depth","120",NULL,NULL,471826
"8851807",724523,"Elevation","398.907",NULL,NULL,471829
"8851808",724523,"Lease_ID","E59/887",NULL,NULL,471830
"8851809",724523,"Date_Complete","03-Oct-07",NULL,NULL,471831
"8851810",724523,"Drill_contractor","Strange",NULL,NULL,471832
"8851817",724525,"Drill_code","RC",NULL,NULL,471825
"8851818",724525,"Total_depth","108",NULL,NULL,471826
"8851819",724525,"Elevation","409.395",NULL,NULL,471829
"8851820",724525,"Lease_ID","E59/887",NULL,NULL,471830
"8851821",724525,"Date_Complete","05-Oct-07",NULL,NULL,471831
"8851822",724525,"Drill_contractor","Strange",NULL,NULL,471832
"8851823",724526,"Drill_code","RC",NULL,NULL,471825
"8851824",724526,"Total_depth","114",NULL,NULL,471826
"8851825",724526,"Elevation","406.627",NULL,NULL,471829
"8851826",724526,"Lease_ID","E59/887",NULL,NULL,471830
"8851827",724526,"Date_Complete","05-Oct-07",NULL,NULL,471831
"8851828",724526,"Drill_contractor","Strange",NULL,NULL,471832
"8851841",724529,"Drill_code","RC",NULL,NULL,471825
"8851842",724529,"Total_depth","133",NULL,NULL,471826
"8851843",724529,"Elevation","404.672",NULL,NULL,471829
"8851844",724529,"Lease_ID","E59/887",NULL,NULL,471830
"8851845",724529,"Date_Complete","07-Oct-07",NULL,NULL,471831
"8851846",724529,"Drill_contractor","Strange",NULL,NULL,471832
"8851847",724530,"Drill_code","RC",NULL,NULL,471825
"8851848",724530,"Total_depth","120",NULL,NULL,471826
"8851849",724530,"Elevation","404.351",NULL,NULL,471829
"8851850",724530,"Lease_ID","E59/887",NULL,NULL,471830
"8851851",724530,"Date_Complete","07-Oct-07",NULL,NULL,471831
"8851852",724530,"Drill_contractor","Strange",NULL,NULL,471832
"9597660",792942,"RL","366.147",NULL,NULL,511733
"9597661",792942,"Depth (m)","160",NULL,NULL,511734
"9597662",792942,"MGA Azimuth","317.80",NULL,NULL,511735
"9597663",792942,"Dip","-59.59",NULL,NULL,511736
"9597664",792942,"Drill Type","RC",NULL,NULL,511737
"9597665",792942,"Grid","""GDA94, MGA50""",NULL,NULL,511738
"9597666",792942,"Drilling Company","""Strange Drilling, Kalgoorlie""",NULL,NULL,511739
"9597667",792942,"Date Completed","13/05/06",NULL,NULL,511740
"9597668",792943,"RL","364.021",NULL,NULL,511733
"9597669",792943,"Depth (m)","240",NULL,NULL,511734
"9597670",792943,"MGA Azimuth","317.60",NULL,NULL,511735
"9597671",792943,"Dip","-59.70",NULL,NULL,511736
"9597672",792943,"Drill Type","RC",NULL,NULL,511737
"9597673",792943,"Grid","""GDA94, MGA50""",NULL,NULL,511738
"9597674",792943,"Drilling Company","""Strange Drilling, Kalgoorlie""",NULL,NULL,511739
"9597675",792943,"Date Completed","15/05/06",NULL,NULL,511740
"9597708",792948,"RL","400.745",NULL,NULL,511733
"9597709",792948,"Depth (m)","222",NULL,NULL,511734
"9597710",792948,"MGA Azimuth","317.10",NULL,NULL,511735
"9597711",792948,"Dip","-60.31",NULL,NULL,511736
"9597712",792948,"Drill Type","RC",NULL,NULL,511737
"9597713",792948,"Grid","""GDA94, MGA50""",NULL,NULL,511738
"9597714",792948,"Drilling Company","""Strange Drilling, Kalgoorlie""",NULL,NULL,511739
"9597715",792948,"Date Completed","21/05/06",NULL,NULL,511740
"9597716",792949,"RL","369.148",NULL,NULL,511733
"9597717",792949,"Depth (m)","292",NULL,NULL,511734
"9597718",792949,"MGA Azimuth","140.60",NULL,NULL,511735
"9597719",792949,"Dip","-58.15",NULL,NULL,511736
"9597720",792949,"Drill Type","RC",NULL,NULL,511737
"9597721",792949,"Grid","""GDA94, MGA50""",NULL,NULL,511738
"9597722",792949,"Drilling Company","""Grimwood Davies Pty. Ltd., Kewdale, Perth""",NULL,NULL,511739
"9597723",792949,"Date Completed","29/05/06",NULL,NULL,511740
"9597724",792950,"RL","362.270",NULL,NULL,511733
"9597725",792950,"Depth (m)","148",NULL,NULL,511734
"9597726",792950,"MGA Azimuth","136.50",NULL,NULL,511735
"9597727",792950,"Dip","-58.94",NULL,NULL,511736
"9597728",792950,"Drill Type","RC",NULL,NULL,511737
"9597729",792950,"Grid","""GDA94, MGA50""",NULL,NULL,511738
"9597730",792950,"Drilling Company","""Grimwood Davies Pty. Ltd., Kewdale, Perth""",NULL,NULL,511739
"9597731",792950,"Date Completed","29/05/06",NULL,NULL,511740
"9597732",792951,"RL","362.327",NULL,NULL,511733
"9597733",792951,"Depth (m)","196",NULL,NULL,511734
"9597734",792951,"MGA Azimuth","137.60",NULL,NULL,511735
"9597735",792951,"Dip","-59.63",NULL,NULL,511736
"9597736",792951,"Drill Type","RC",NULL,NULL,511737
"9597737",792951,"Grid","""GDA94, MGA50""",NULL,NULL,511738
"9597738",792951,"Drilling Company","""Grimwood Davies Pty. Ltd., Kewdale, Perth""",NULL,NULL,511739
"9597739",792951,"Date Completed","31/05/06",NULL,NULL,511740
"9597740",792952,"RL","383.160",NULL,NULL,511733
"9597741",792952,"Depth (m)","122",NULL,NULL,511734
"9597742",792952,"MGA Azimuth","254.42",NULL,NULL,511735
"9597743",792952,"Dip","-89.58",NULL,NULL,511736
"9597744",792952,"Drill Type","RC",NULL,NULL,511737
"9597745",792952,"Grid","""GDA94, MGA50""",NULL,NULL,511738
"9597746",792952,"Drilling Company","""Target Drillers Pty. Ltd., Wangara, Perth""",NULL,NULL,511739
"9597747",792952,"Date Completed","01/10/05",NULL,NULL,511740
"9597780",792957,"RL","376.170",NULL,NULL,511733
"9597781",792957,"Depth (m)","132",NULL,NULL,511734
"9597782",792957,"MGA Azimuth","270.00",NULL,NULL,511735
"9597783",792957,"Dip","-90.00",NULL,NULL,511736
"9597784",792957,"Drill Type","RC",NULL,NULL,511737
"9597785",792957,"Grid","""GDA94, MGA50""",NULL,NULL,511738
"9597786",792957,"Drilling Company","""Target Drillers Pty. Ltd., Wangara, Perth""",NULL,NULL,511739
"9597787",792957,"Date Completed","17/10/05",NULL,NULL,511740
"9974468",827751,"RL","407.513",NULL,NULL,548466
"9974469",827751,"Grid","AMG84_50",NULL,NULL,548467
"9974470",827751,"Depth","114",NULL,NULL,548469
"9974471",827751,"Dip","-60",NULL,NULL,548470
"9974472",827751,"Magnetic Azimuth","32",NULL,NULL,548472
"9974473",827751,"Prospect","Bobby McGee",NULL,NULL,548474
"9974474",827751,"Tenement","M59/425",NULL,NULL,548475
"9974475",827751,"Hole Type","RC",NULL,NULL,548476
"10012694",831902,"Elevation","423.85",NULL,NULL,551574
"10012695",831902,"Total Hole Depth","103.3",NULL,NULL,551575
"10012696",831902,"Drill Code","DD",NULL,NULL,551576
"10012697",831903,"Elevation","439.37",NULL,NULL,551574
"10012698",831903,"Total Hole Depth","118.85",NULL,NULL,551575
"10012699",831903,"Drill Code","DD",NULL,NULL,551576
"10549920",872745,"Hole_Type","RAB",NULL,NULL,575438
"10549921",872745,"AMG_Grid","AMG84_50",NULL,NULL,575439
"10549922",872745,"AMG_RL","1000",NULL,NULL,575442
"10549923",872745,"Local_Grid","WIND_B",NULL,NULL,575443
"10549924",872745,"Local_East","9450",NULL,NULL,575444
"10549925",872745,"Local_North","8963",NULL,NULL,575445
"10549926",872745,"Working_RL","1000",NULL,NULL,575446
"10549927",872745,"Survey_Type","EST",NULL,NULL,575447
"10549928",872745,"Superseded_Flag","TRUE",NULL,NULL,575450
"10549929",872745,"Max_Depth","110",NULL,NULL,575452
"10549930",872745,"Tenement","59/442",NULL,NULL,575457
"10549931",872745,"Prospect","WH_REG",NULL,NULL,575458
"10549932",872745,"Company","NXA450",NULL,NULL,575460
"10549933",872745,"Geologist","RT",NULL,NULL,575461
"10550004",872751,"Hole_Type","RAB",NULL,NULL,575438
"10550005",872751,"AMG_Grid","AMG84_50",NULL,NULL,575439
"10550006",872751,"AMG_RL","1000",NULL,NULL,575442
"10550007",872751,"Local_Grid","WIND_B",NULL,NULL,575443
"10550008",872751,"Local_East","8450",NULL,NULL,575444
"10550009",872751,"Local_North","9545",NULL,NULL,575445
"10550010",872751,"Working_RL","1000",NULL,NULL,575446
"10550011",872751,"Survey_Type","EST",NULL,NULL,575447
"10550012",872751,"Superseded_Flag","TRUE",NULL,NULL,575450
"10550013",872751,"Max_Depth","101",NULL,NULL,575452
"10550014",872751,"Tenement","59/442",NULL,NULL,575457
"10550015",872751,"Prospect","WH_REG",NULL,NULL,575458
"10550016",872751,"Company","NXA450",NULL,NULL,575460
"10550017",872751,"Geologist","RT",NULL,NULL,575461
"10550824",872814,"Hole_Type","RAB",NULL,NULL,575438
"10550825",872814,"AMG_Grid","AMG84_50",NULL,NULL,575439
"10550826",872814,"AMG_RL","1000",NULL,NULL,575442
"10550827",872814,"Local_Grid","WIND_B",NULL,NULL,575443
"10550828",872814,"Local_East","9700",NULL,NULL,575444
"10550829",872814,"Local_North","7400",NULL,NULL,575445
"10550830",872814,"Working_RL","1000",NULL,NULL,575446
"10550831",872814,"Survey_Type","EST",NULL,NULL,575447
"10550832",872814,"Superseded_Flag","TRUE",NULL,NULL,575450
"10550833",872814,"Precollar_Depth","111",NULL,NULL,575451
"10550834",872814,"Max_Depth","111",NULL,NULL,575452
"10550835",872814,"Tenement","59/442",NULL,NULL,575457
"10550836",872814,"Prospect","WINDANIN",NULL,NULL,575458
"10550837",872814,"Company","NXA450",NULL,NULL,575460
"10550838",872814,"Geologist","M.GIBBS",NULL,NULL,575461
"10550839",872815,"Hole_Type","RAB",NULL,NULL,575438
"10550840",872815,"AMG_Grid","AMG84_50",NULL,NULL,575439
"10550841",872815,"AMG_RL","1000",NULL,NULL,575442
"10550842",872815,"Local_Grid","WIND_B",NULL,NULL,575443
"10550843",872815,"Local_East","9600",NULL,NULL,575444
"10550844",872815,"Local_North","7400",NULL,NULL,575445
"10550845",872815,"Working_RL","1000",NULL,NULL,575446
"10550846",872815,"Survey_Type","EST",NULL,NULL,575447
"10550847",872815,"Superseded_Flag","TRUE",NULL,NULL,575450
"10550848",872815,"Precollar_Depth","111",NULL,NULL,575451
"10550849",872815,"Max_Depth","111",NULL,NULL,575452
"10550850",872815,"Tenement","59/442",NULL,NULL,575457
"10550851",872815,"Prospect","WINDANIN",NULL,NULL,575458
"10550852",872815,"Company","NXA450",NULL,NULL,575460
"10550853",872815,"Geologist","M.GIBBS",NULL,NULL,575461
"10550869",872817,"Hole_Type","RAB",NULL,NULL,575438
"10550870",872817,"AMG_Grid","AMG84_50",NULL,NULL,575439
"10550871",872817,"AMG_RL","1000",NULL,NULL,575442
"10550872",872817,"Local_Grid","WIND_B",NULL,NULL,575443
"10550873",872817,"Local_East","9850",NULL,NULL,575444
"10550874",872817,"Local_North","7000",NULL,NULL,575445
"10550875",872817,"Working_RL","1000",NULL,NULL,575446
"10550876",872817,"Survey_Type","EST",NULL,NULL,575447
"10550877",872817,"Superseded_Flag","TRUE",NULL,NULL,575450
"10550878",872817,"Precollar_Depth","119",NULL,NULL,575451
"10550879",872817,"Max_Depth","119",NULL,NULL,575452
"10550880",872817,"Tenement","59/442",NULL,NULL,575457
"10550881",872817,"Prospect","WINDANIN",NULL,NULL,575458
"10550882",872817,"Company","NXA450",NULL,NULL,575460
"10550883",872817,"Geologist","M.GIBBS",NULL,NULL,575461
"10550884",872818,"Hole_Type","RAB",NULL,NULL,575438
"10550885",872818,"AMG_Grid","AMG84_50",NULL,NULL,575439
"10550886",872818,"AMG_RL","1000",NULL,NULL,575442
"10550887",872818,"Local_Grid","WIND_B",NULL,NULL,575443
"10550888",872818,"Local_East","9750",NULL,NULL,575444
"10550889",872818,"Local_North","7000",NULL,NULL,575445
"10550890",872818,"Working_RL","1000",NULL,NULL,575446
"10550891",872818,"Survey_Type","EST",NULL,NULL,575447
"10550892",872818,"Superseded_Flag","TRUE",NULL,NULL,575450
"10550893",872818,"Precollar_Depth","119",NULL,NULL,575451
"10550894",872818,"Max_Depth","119",NULL,NULL,575452
"10550895",872818,"Tenement","59/442",NULL,NULL,575457
"10550896",872818,"Prospect","WINDANIN",NULL,NULL,575458
"10550897",872818,"Company","NXA450",NULL,NULL,575460
"10550898",872818,"Geologist","M.GIBBS",NULL,NULL,575461
"10551207",872842,"Hole_Type","RAB",NULL,NULL,575438
"10551208",872842,"AMG_Grid","AMG84_50",NULL,NULL,575439
"10551209",872842,"AMG_RL","1000",NULL,NULL,575442
"10551210",872842,"Local_Grid","AMG",NULL,NULL,575443
"10551211",872842,"Survey_Type","EST",NULL,NULL,575447
"10551212",872842,"Superseded_Flag","TRUE",NULL,NULL,575450
"10551213",872842,"Max_Depth","104",NULL,NULL,575452
"10551214",872842,"Tenement","59/442",NULL,NULL,575457
"10551215",872842,"Prospect","WINDANING",NULL,NULL,575458
"10551216",872842,"Company","NXA450",NULL,NULL,575460
"10551217",872842,"Geologist","BM",NULL,NULL,575461
"10551218",872843,"Hole_Type","RAB",NULL,NULL,575438
"10551219",872843,"AMG_Grid","AMG84_50",NULL,NULL,575439
"10551220",872843,"AMG_RL","1000",NULL,NULL,575442
"10551221",872843,"Local_Grid","AMG",NULL,NULL,575443
"10551222",872843,"Survey_Type","EST",NULL,NULL,575447
"10551223",872843,"Superseded_Flag","TRUE",NULL,NULL,575450
"10551224",872843,"Max_Depth","101",NULL,NULL,575452
"10551225",872843,"Tenement","59/442",NULL,NULL,575457
"10551226",872843,"Prospect","WINDANING",NULL,NULL,575458
"10551227",872843,"Company","NXA450",NULL,NULL,575460
"10551228",872843,"Geologist","BM",NULL,NULL,575461
"11089651",931212,"Drill_code","RC",NULL,NULL,620564
"11089652",931212,"Total_depth","234",NULL,NULL,620565
"11089653",931212,"Elevation","340.915",NULL,NULL,620568
"11089654",931212,"Lease_ID","E59/1002",NULL,NULL,620569
"11089655",931212,"Date_Complete","02-Sep-07",NULL,NULL,620570
"11089656",931212,"Drill_contractor","Strange",NULL,NULL,620571
"11089657",931213,"Drill_code","RC",NULL,NULL,620564
"11089658",931213,"Total_depth","206",NULL,NULL,620565
"11089659",931213,"Elevation","339.331",NULL,NULL,620568
"11089660",931213,"Lease_ID","E59/1002",NULL,NULL,620569
"11089661",931213,"Date_Complete","02-Sep-07",NULL,NULL,620570
"11089662",931213,"Drill_contractor","Strange",NULL,NULL,620571
"11089663",931214,"Drill_code","RC",NULL,NULL,620564
"11089664",931214,"Total_depth","228",NULL,NULL,620565
"11089665",931214,"Elevation","331.21",NULL,NULL,620568
"11089666",931214,"Lease_ID","E59/1002",NULL,NULL,620569
"11089667",931214,"Date_Complete","13-Aug-07",NULL,NULL,620570
"11089668",931214,"Drill_contractor","Strange",NULL,NULL,620571
"11089669",931215,"Drill_code","RC",NULL,NULL,620564
"11089670",931215,"Total_depth","124",NULL,NULL,620565
"11089671",931215,"Elevation","315.535",NULL,NULL,620568
"11089672",931215,"Lease_ID","E59/1002",NULL,NULL,620569
"11089673",931215,"Date_Complete","14-Aug-07",NULL,NULL,620570
"11089674",931215,"Drill_contractor","Strange",NULL,NULL,620571
"11089675",931216,"Drill_code","RC",NULL,NULL,620564
"11089676",931216,"Total_depth","158",NULL,NULL,620565
"11089677",931216,"Elevation","361.603",NULL,NULL,620568
"11089678",931216,"Lease_ID","E59/1002",NULL,NULL,620569
"11089679",931216,"Date_Complete","06-Sep-07",NULL,NULL,620570
"11089680",931216,"Drill_contractor","Strange",NULL,NULL,620571
"11089681",931217,"Drill_code","RC",NULL,NULL,620564
"11089682",931217,"Total_depth","136",NULL,NULL,620565
"11089683",931217,"Elevation","323.052",NULL,NULL,620568
"11089684",931217,"Lease_ID","E59/1002",NULL,NULL,620569
"11089685",931217,"Date_Complete","24-Aug-07",NULL,NULL,620570
"11089686",931217,"Drill_contractor","Strange",NULL,NULL,620571
"11089687",931218,"Drill_code","RC",NULL,NULL,620564
"11089688",931218,"Total_depth","248",NULL,NULL,620565
"11089689",931218,"Elevation","365.334",NULL,NULL,620568
"11089690",931218,"Lease_ID","E59/1002",NULL,NULL,620569
"11089691",931218,"Date_Complete","31-Aug-07",NULL,NULL,620570
"11089692",931218,"Drill_contractor","Strange",NULL,NULL,620571
"11089693",931219,"Drill_code","RCD",NULL,NULL,620564
"11089694",931219,"Total_depth","260.7",NULL,NULL,620565
"11089695",931219,"Elevation","368.845",NULL,NULL,620568
"11089696",931219,"Lease_ID","E59/1002",NULL,NULL,620569
"11089697",931219,"Date_Complete","18-Aug-07",NULL,NULL,620570
"11089698",931219,"Drill_contractor","Mt Magnet",NULL,NULL,620571
"11089699",931220,"Drill_code","RCD",NULL,NULL,620564
"11089700",931220,"Total_depth","229.8",NULL,NULL,620565
"11089701",931220,"Elevation","384.435",NULL,NULL,620568
"11089702",931220,"Lease_ID","E59/1002",NULL,NULL,620569
"11089703",931220,"Date_Complete","03-Sep-07",NULL,NULL,620570
"11089704",931220,"Drill_contractor","Strange",NULL,NULL,620571
"13494554",1146526,"RL","356.255",NULL,NULL,792254
"13494555",1146526,"Precollar Depth (m)","252",NULL,NULL,792255
"13494556",1146526,"Total Depth (m)","546.4",NULL,NULL,792256
"13494557",1146526,"Grid","""GDA94, MGA50""",NULL,NULL,792257
"13494558",1146526,"Tenement","M59/421",NULL,NULL,792258
"13494559",1146526,"Prospect","Silverstone",NULL,NULL,792259
"13494560",1146526,"Drill Date","17/03/04",NULL,NULL,792260
"13494561",1146526,"Drilling Company","""Layne Drilling Pty. Ltd./Mt.Magnet Drilling, Perth""",NULL,NULL,792261
"13494562",1146526,"Drilling Type","DD",NULL,NULL,792262
"13494572",1146528,"RL","356.871",NULL,NULL,792254
"13494573",1146528,"Precollar Depth (m)","252",NULL,NULL,792255
"13494574",1146528,"Total Depth (m)","405.0",NULL,NULL,792256
"13494575",1146528,"Grid","""GDA94, MGA50""",NULL,NULL,792257
"13494576",1146528,"Tenement","M59/421",NULL,NULL,792258
"13494577",1146528,"Prospect","Silverstone",NULL,NULL,792259
"13494578",1146528,"Drill Date","21/03/04",NULL,NULL,792260
"13494579",1146528,"Drilling Company","""Layne Drilling Pty. Ltd./Mt.Magnet Drilling, Perth""",NULL,NULL,792261
"13494580",1146528,"Drilling Type","DD",NULL,NULL,792262
"13494590",1146530,"RL","360.214",NULL,NULL,792254
"13494591",1146530,"Precollar Depth (m)","180",NULL,NULL,792255
"13494592",1146530,"Total Depth (m)","249.0",NULL,NULL,792256
"13494593",1146530,"Grid","""GDA94, MGA50""",NULL,NULL,792257
"13494594",1146530,"Tenement","M59/421",NULL,NULL,792258
"13494595",1146530,"Prospect","Silverstone",NULL,NULL,792259
"13494596",1146530,"Drill Date","05/04/04",NULL,NULL,792260
"13494597",1146530,"Drilling Company","""Layne Drilling Pty. Ltd./Mt.Magnet Drilling, Perth""",NULL,NULL,792261
"13494598",1146530,"Drilling Type","DD",NULL,NULL,792262
"13494599",1146531,"RL","357.153",NULL,NULL,792254
"13494600",1146531,"Precollar Depth (m)","247.8",NULL,NULL,792255
"13494601",1146531,"Total Depth (m)","468.0",NULL,NULL,792256
"13494602",1146531,"Grid","""GDA94, MGA50""",NULL,NULL,792257
"13494603",1146531,"Tenement","M59/421",NULL,NULL,792258
"13494604",1146531,"Prospect","Silverstone",NULL,NULL,792259
"13494605",1146531,"Drill Date","10/04/04",NULL,NULL,792260
"13494606",1146531,"Drilling Company","""Layne Drilling Pty. Ltd./Mt.Magnet Drilling, Perth""",NULL,NULL,792261
"13494607",1146531,"Drilling Type","DD",NULL,NULL,792262
"13495500",1146650,"RL","357.156",NULL,NULL,792254
"13495501",1146650,"Total Depth (m)","150",NULL,NULL,792256
"13495502",1146650,"Grid","""GDA94, MGA50""",NULL,NULL,792257
"13495503",1146650,"Tenement","M59/421",NULL,NULL,792258
"13495504",1146650,"Prospect","Silverstone",NULL,NULL,792259
"13495505",1146650,"Drill Date","14/03/04",NULL,NULL,792260
"13495506",1146650,"Drilling Company","""Layne Drilling Pty. Ltd., Perth""",NULL,NULL,792261
"13495507",1146650,"Drilling Type","RC",NULL,NULL,792262
"14404087",1233095,"Drill_code","RC",NULL,NULL,867092
"14404088",1233095,"Total_depth","108",NULL,NULL,867093
"14404089",1233095,"Elevation","383.557",NULL,NULL,867096
"14404090",1233095,"Lease_ID","M59/721",NULL,NULL,867097
"14404091",1233095,"Date_Complete","08-Feb-09",NULL,NULL,867098
"14404092",1233095,"Drill_contractor","Mt Magnet",NULL,NULL,867099
"14404093",1233096,"Drill_code","RC",NULL,NULL,867092
"14404094",1233096,"Total_depth","108",NULL,NULL,867093
"14404095",1233096,"Elevation","382.505",NULL,NULL,867096
"14404096",1233096,"Lease_ID","M59/721",NULL,NULL,867097
"14404097",1233096,"Date_Complete","09-Feb-09",NULL,NULL,867098
"14404098",1233096,"Drill_contractor","Strange",NULL,NULL,867099
"14404105",1233098,"Drill_code","RCD",NULL,NULL,867092
"14404106",1233098,"Total_depth","713.4",NULL,NULL,867093
"14404107",1233098,"Elevation","414.225",NULL,NULL,867096
"14404108",1233098,"Lease_ID","M59/644",NULL,NULL,867097
"14404109",1233098,"Date_Complete","01-Feb-09",NULL,NULL,867098
"14404110",1233098,"Drill_contractor","Connector",NULL,NULL,867099
"14404111",1233099,"Drill_code","RCD",NULL,NULL,867092
"14404112",1233099,"Total_depth","620.2",NULL,NULL,867093
"14404113",1233099,"Elevation","414.093",NULL,NULL,867096
"14404114",1233099,"Lease_ID","M59/644",NULL,NULL,867097
"14404115",1233099,"Date_Complete","07-Feb-09",NULL,NULL,867098
"14404116",1233099,"Drill_contractor","Connector",NULL,NULL,867099
"14404117",1233100,"Drill_code","RC",NULL,NULL,867092
"14404118",1233100,"Total_depth","200",NULL,NULL,867093
"14404119",1233100,"Elevation","439.337",NULL,NULL,867096
"14404120",1233100,"Lease_ID","M59/644",NULL,NULL,867097
"14404121",1233100,"Date_Complete","20-Jan-09",NULL,NULL,867098
"14404122",1233100,"Drill_contractor","STRANGE",NULL,NULL,867099
"14404123",1233101,"Drill_code","RC",NULL,NULL,867092
"14404124",1233101,"Total_depth","186",NULL,NULL,867093
"14404125",1233101,"Elevation","439.583",NULL,NULL,867096
"14404126",1233101,"Lease_ID","M59/644",NULL,NULL,867097
"14404127",1233101,"Date_Complete","22-Jan-09",NULL,NULL,867098
"14404128",1233101,"Drill_contractor","Strange",NULL,NULL,867099
"14404129",1233102,"Drill_code","RC",NULL,NULL,867092
"14404130",1233102,"Total_depth","150",NULL,NULL,867093
"14404131",1233102,"Elevation","420.274",NULL,NULL,867096
"14404132",1233102,"Lease_ID","M59/644",NULL,NULL,867097
"14404133",1233102,"Date_Complete","23-Jan-09",NULL,NULL,867098
"14404134",1233102,"Drill_contractor","Strange",NULL,NULL,867099
"14404135",1233103,"Drill_code","RC",NULL,NULL,867092
"14404136",1233103,"Total_depth","250",NULL,NULL,867093
"14404137",1233103,"Elevation","427.641",NULL,NULL,867096
"14404138",1233103,"Lease_ID","M59/644",NULL,NULL,867097
"14404139",1233103,"Date_Complete","26-Jan-09",NULL,NULL,867098
"14404140",1233103,"Drill_contractor","Strange",NULL,NULL,867099
"14404141",1233104,"Drill_code","RC",NULL,NULL,867092
"14404142",1233104,"Total_depth","250",NULL,NULL,867093
"14404143",1233104,"Elevation","413.069",NULL,NULL,867096
"14404144",1233104,"Lease_ID","M59/644",NULL,NULL,867097
"14404145",1233104,"Date_Complete","28-Jan-09",NULL,NULL,867098
"14404146",1233104,"Drill_contractor","Strange",NULL,NULL,867099
"14404147",1233105,"Drill_code","RC",NULL,NULL,867092
"14404148",1233105,"Total_depth","236",NULL,NULL,867093
"14404149",1233105,"Elevation","417.671",NULL,NULL,867096
"14404150",1233105,"Lease_ID","M59/644",NULL,NULL,867097
"14404151",1233105,"Date_Complete","31-Jan-09",NULL,NULL,867098
"14404152",1233105,"Drill_contractor","Strange",NULL,NULL,867099
"14404153",1233106,"Drill_code","RC",NULL,NULL,867092
"14404154",1233106,"Total_depth","162",NULL,NULL,867093
"14404155",1233106,"Elevation","411.446",NULL,NULL,867096
"14404156",1233106,"Lease_ID","M59/644",NULL,NULL,867097
"14404157",1233106,"Date_Complete","02-Feb-09",NULL,NULL,867098
"14404158",1233106,"Drill_contractor","Strange",NULL,NULL,867099
"14404159",1233107,"Drill_code","RC",NULL,NULL,867092
"14404160",1233107,"Total_depth","240",NULL,NULL,867093
"14404161",1233107,"Elevation","411.607",NULL,NULL,867096
"14404162",1233107,"Lease_ID","M59/644",NULL,NULL,867097
"14404163",1233107,"Date_Complete","06-Feb-09",NULL,NULL,867098
"14404164",1233107,"Drill_contractor","Strange",NULL,NULL,867099
"14404165",1233108,"Drill_code","RC",NULL,NULL,867092
"14404166",1233108,"Total_depth","150",NULL,NULL,867093
"14404167",1233108,"Elevation","377.475",NULL,NULL,867096
"14404168",1233108,"Lease_ID","M59/644",NULL,NULL,867097
"14404169",1233108,"Date_Complete","07-Feb-09",NULL,NULL,867098
"14404170",1233108,"Drill_contractor","Strange",NULL,NULL,867099
"14404171",1233109,"Drill_code","RC",NULL,NULL,867092
"14404172",1233109,"Total_depth","180",NULL,NULL,867093
"14404173",1233109,"Elevation","408.771",NULL,NULL,867096
"14404174",1233109,"Lease_ID","M59/721",NULL,NULL,867097
"14404175",1233109,"Date_Complete","09-Sep-08",NULL,NULL,867098
"14404176",1233110,"Drill_code","RC",NULL,NULL,867092
"14404177",1233110,"Total_depth","150",NULL,NULL,867093
"14404178",1233110,"Elevation","378.195",NULL,NULL,867096
"14404179",1233110,"Lease_ID","M59/721",NULL,NULL,867097
"14404180",1233110,"Date_Complete","01-May-08",NULL,NULL,867098
"14404181",1233110,"Drill_contractor","Strange",NULL,NULL,867099
"14404194",1233113,"Drill_code","RC",NULL,NULL,867092
"14404195",1233113,"Total_depth","221",NULL,NULL,867093
"14404196",1233113,"Elevation","377.159",NULL,NULL,867096
"14404197",1233113,"Lease_ID","M59/721",NULL,NULL,867097
"14404198",1233113,"Date_Complete","04-May-08",NULL,NULL,867098
"14404199",1233113,"Drill_contractor","Strange",NULL,NULL,867099
"14404200",1233114,"Drill_code","RC",NULL,NULL,867092
"14404201",1233114,"Total_depth","197",NULL,NULL,867093
"14404202",1233114,"Elevation","398.064",NULL,NULL,867096
"14404203",1233114,"Lease_ID","M59/721",NULL,NULL,867097
"14404204",1233114,"Date_Complete","06-May-08",NULL,NULL,867098
"14404205",1233114,"Drill_contractor","Strange",NULL,NULL,867099
"14404206",1233115,"Drill_code","RC",NULL,NULL,867092
"14404207",1233115,"Total_depth","162",NULL,NULL,867093
"14404208",1233115,"Elevation","397.877",NULL,NULL,867096
"14404209",1233115,"Lease_ID","M59/721",NULL,NULL,867097
"14404210",1233115,"Date_Complete","07-May-08",NULL,NULL,867098
"14404211",1233115,"Drill_contractor","Strange",NULL,NULL,867099
"14404212",1233116,"Drill_code","RC",NULL,NULL,867092
"14404213",1233116,"Total_depth","144",NULL,NULL,867093
"14404214",1233116,"Elevation","374.325",NULL,NULL,867096
"14404215",1233116,"Lease_ID","M59/721",NULL,NULL,867097
"14404216",1233116,"Date_Complete","08-May-08",NULL,NULL,867098
"14404217",1233116,"Drill_contractor","Strange",NULL,NULL,867099
"14404218",1233117,"Drill_code","RC",NULL,NULL,867092
"14404219",1233117,"Total_depth","120",NULL,NULL,867093
"14404220",1233117,"Elevation","387.49",NULL,NULL,867096
"14404221",1233117,"Lease_ID","M59/721",NULL,NULL,867097
"14404222",1233117,"Date_Complete","03-Sep-08",NULL,NULL,867098
"14404223",1233117,"Drill_contractor","Strange",NULL,NULL,867099
"14404224",1233118,"Drill_code","RC",NULL,NULL,867092
"14404225",1233118,"Total_depth","120",NULL,NULL,867093
"14404226",1233118,"Elevation","368.867",NULL,NULL,867096
"14404227",1233118,"Lease_ID","M59/721",NULL,NULL,867097
"14404228",1233118,"Date_Complete","04-Sep-08",NULL,NULL,867098
"14404229",1233118,"Drill_contractor","Strange",NULL,NULL,867099
"14404242",1233121,"Drill_code","RC",NULL,NULL,867092
"14404243",1233121,"Total_depth","120",NULL,NULL,867093
"14404244",1233121,"Elevation","403.327",NULL,NULL,867096
"14404245",1233121,"Lease_ID","M59/721",NULL,NULL,867097
"14404246",1233121,"Date_Complete","07-Sep-08",NULL,NULL,867098
"14404247",1233121,"Drill_contractor","Strange",NULL,NULL,867099
"14404266",1233125,"Drill_code","RC",NULL,NULL,867092
"14404267",1233125,"Total_depth","107",NULL,NULL,867093
"14404268",1233125,"Elevation","400.418",NULL,NULL,867096
"14404269",1233125,"Lease_ID","M59/721",NULL,NULL,867097
"14404270",1233125,"Date_Complete","12-Sep-08",NULL,NULL,867098
"14404271",1233125,"Drill_contractor","Strange",NULL,NULL,867099
"14404272",1233126,"Drill_code","RC",NULL,NULL,867092
"14404273",1233126,"Total_depth","190",NULL,NULL,867093
"14404274",1233126,"Elevation","400.363",NULL,NULL,867096
"14404275",1233126,"Lease_ID","M59/721",NULL,NULL,867097
"14404276",1233126,"Date_Complete","14-Sep-08",NULL,NULL,867098
"14404277",1233126,"Drill_contractor","Strange",NULL,NULL,867099
"14404278",1233127,"Drill_code","RC",NULL,NULL,867092
"14404279",1233127,"Total_depth","126",NULL,NULL,867093
"14404280",1233127,"Elevation","403.73",NULL,NULL,867096
"14404281",1233127,"Lease_ID","M59/721",NULL,NULL,867097
"14404282",1233127,"Date_Complete","15-Sep-08",NULL,NULL,867098
"14404283",1233127,"Drill_contractor","Strange",NULL,NULL,867099
"14404296",1233130,"Drill_code","RC",NULL,NULL,867092
"14404297",1233130,"Total_depth","162",NULL,NULL,867093
"14404298",1233130,"Elevation","412.147",NULL,NULL,867096
"14404299",1233130,"Lease_ID","M59/721",NULL,NULL,867097
"14404300",1233130,"Date_Complete","18-Sep-08",NULL,NULL,867098
"14404301",1233130,"Drill_contractor","Strange",NULL,NULL,867099
"14404314",1233133,"Drill_code","RC",NULL,NULL,867092
"14404315",1233133,"Total_depth","168",NULL,NULL,867093
"14404316",1233133,"Elevation","408.102",NULL,NULL,867096
"14404317",1233133,"Lease_ID","M59/721",NULL,NULL,867097
"14404318",1233133,"Date_Complete","20-Sep-08",NULL,NULL,867098
"14404319",1233133,"Drill_contractor","Strange",NULL,NULL,867099
"14404320",1233134,"Drill_code","RC",NULL,NULL,867092
"14404321",1233134,"Total_depth","126",NULL,NULL,867093
"14404322",1233134,"Elevation","411.867",NULL,NULL,867096
"14404323",1233134,"Lease_ID","M59/721",NULL,NULL,867097
"14404324",1233134,"Date_Complete","20-Sep-08",NULL,NULL,867098
"14404325",1233134,"Drill_contractor","Strange",NULL,NULL,867099
"14404326",1233135,"Drill_code","RC",NULL,NULL,867092
"14404327",1233135,"Total_depth","101",NULL,NULL,867093
"14404328",1233135,"Elevation","415.086",NULL,NULL,867096
"14404329",1233135,"Lease_ID","M59/644",NULL,NULL,867097
"14404330",1233135,"Date_Complete","28-Sep-08",NULL,NULL,867098
"14404331",1233135,"Drill_contractor","Strange",NULL,NULL,867099
"14404332",1233136,"Drill_code","RC",NULL,NULL,867092
"14404333",1233136,"Total_depth","186",NULL,NULL,867093
"14404334",1233136,"Elevation","415.117",NULL,NULL,867096
"14404335",1233136,"Lease_ID","M59/644",NULL,NULL,867097
"14404336",1233136,"Date_Complete","29-Sep-08",NULL,NULL,867098
"14404337",1233136,"Drill_contractor","Strange",NULL,NULL,867099
"14404338",1233137,"Drill_code","RC",NULL,NULL,867092
"14404339",1233137,"Total_depth","270",NULL,NULL,867093
"14404340",1233137,"Elevation","414.784",NULL,NULL,867096
"14404341",1233137,"Lease_ID","M59/644",NULL,NULL,867097
"14404342",1233137,"Date_Complete","06-Oct-08",NULL,NULL,867098
"14404343",1233137,"Drill_contractor","Strange",NULL,NULL,867099
"14404344",1233138,"Drill_code","RC",NULL,NULL,867092
"14404345",1233138,"Total_depth","154",NULL,NULL,867093
"14404346",1233138,"Elevation","410.218",NULL,NULL,867096
"14404347",1233138,"Lease_ID","M59/644",NULL,NULL,867097
"14404348",1233138,"Date_Complete","08-Oct-08",NULL,NULL,867098
"14404349",1233138,"Drill_contractor","Strange",NULL,NULL,867099
"14404350",1233139,"Drill_code","RC",NULL,NULL,867092
"14404351",1233139,"Total_depth","180",NULL,NULL,867093
"14404352",1233139,"Elevation","411.242",NULL,NULL,867096
"14404353",1233139,"Lease_ID","M59/644",NULL,NULL,867097
"14404354",1233139,"Date_Complete","11-Oct-08",NULL,NULL,867098
"14404355",1233139,"Drill_contractor","Strange",NULL,NULL,867099
"14404356",1233140,"Drill_code","RC",NULL,NULL,867092
"14404357",1233140,"Total_depth","180",NULL,NULL,867093
"14404358",1233140,"Elevation","411.248",NULL,NULL,867096
"14404359",1233140,"Lease_ID","M59/644",NULL,NULL,867097
"14404360",1233140,"Date_Complete","13-Oct-08",NULL,NULL,867098
"14404361",1233140,"Drill_contractor","Strange",NULL,NULL,867099
"14404362",1233141,"Drill_code","RC",NULL,NULL,867092
"14404363",1233141,"Total_depth","180",NULL,NULL,867093
"14404364",1233141,"Elevation","400.675",NULL,NULL,867096
"14404365",1233141,"Lease_ID","M59/644",NULL,NULL,867097
"14404366",1233141,"Date_Complete","16-Oct-08",NULL,NULL,867098
"14404367",1233141,"Drill_contractor","Strange",NULL,NULL,867099
"14404368",1233142,"Drill_code","RC",NULL,NULL,867092
"14404369",1233142,"Total_depth","170",NULL,NULL,867093
"14404370",1233142,"Elevation","381.593",NULL,NULL,867096
"14404371",1233142,"Lease_ID","M59/644",NULL,NULL,867097
"14404372",1233142,"Date_Complete","18-Oct-08",NULL,NULL,867098
"14404373",1233142,"Drill_contractor","Strange",NULL,NULL,867099
"14404374",1233143,"Drill_code","RC",NULL,NULL,867092
"14404375",1233143,"Total_depth","144",NULL,NULL,867093
"14404376",1233143,"Elevation","369.206",NULL,NULL,867096
"14404377",1233143,"Lease_ID","M59/644",NULL,NULL,867097
"14404378",1233143,"Date_Complete","19-Oct-08",NULL,NULL,867098
"14404379",1233143,"Drill_contractor","Strange",NULL,NULL,867099
"14404380",1233144,"Drill_code","RC",NULL,NULL,867092
"14404381",1233144,"Total_depth","168",NULL,NULL,867093
"14404382",1233144,"Elevation","377.528",NULL,NULL,867096
"14404383",1233144,"Lease_ID","M59/644",NULL,NULL,867097
"14404384",1233144,"Date_Complete","21-Oct-08",NULL,NULL,867098
"14404385",1233144,"Drill_contractor","Strange",NULL,NULL,867099
"14404386",1233145,"Drill_code","RC",NULL,NULL,867092
"14404387",1233145,"Total_depth","126",NULL,NULL,867093
"14404388",1233145,"Elevation","370.174",NULL,NULL,867096
"14404389",1233145,"Lease_ID","M59/644",NULL,NULL,867097
"14404390",1233145,"Date_Complete","22-Oct-08",NULL,NULL,867098
"14404391",1233145,"Drill_contractor","Strange",NULL,NULL,867099
"14404392",1233146,"Drill_code","RC",NULL,NULL,867092
"14404393",1233146,"Total_depth","164",NULL,NULL,867093
"14404394",1233146,"Elevation","379.847",NULL,NULL,867096
"14404395",1233146,"Lease_ID","M59/644",NULL,NULL,867097
"14404396",1233146,"Date_Complete","24-Oct-08",NULL,NULL,867098
"14404397",1233146,"Drill_contractor","Strange",NULL,NULL,867099
"14404398",1233147,"Drill_code","RC",NULL,NULL,867092
"14404399",1233147,"Total_depth","132",NULL,NULL,867093
"14404400",1233147,"Elevation","380.265",NULL,NULL,867096
"14404401",1233147,"Lease_ID","M59/644",NULL,NULL,867097
"14404402",1233147,"Date_Complete","25-Oct-08",NULL,NULL,867098
"14404403",1233147,"Drill_contractor","Strange",NULL,NULL,867099
"14404404",1233148,"Drill_code","RC",NULL,NULL,867092
"14404405",1233148,"Total_depth","168",NULL,NULL,867093
"14404406",1233148,"Elevation","369.727",NULL,NULL,867096
"14404407",1233148,"Lease_ID","M59/644",NULL,NULL,867097
"14404408",1233148,"Date_Complete","27-Oct-08",NULL,NULL,867098
"14404409",1233148,"Drill_contractor","Strange",NULL,NULL,867099
"14404410",1233149,"Drill_code","RC",NULL,NULL,867092
"14404411",1233149,"Total_depth","166",NULL,NULL,867093
"14404412",1233149,"Elevation","378.301",NULL,NULL,867096
"14404413",1233149,"Lease_ID","M59/644",NULL,NULL,867097
"14404414",1233149,"Date_Complete","28-Oct-08",NULL,NULL,867098
"14404415",1233149,"Drill_contractor","Strange",NULL,NULL,867099
"14404416",1233150,"Drill_code","RC",NULL,NULL,867092
"14404417",1233150,"Total_depth","175",NULL,NULL,867093
"14404418",1233150,"Elevation","392.573",NULL,NULL,867096
"14404419",1233150,"Lease_ID","M59/644",NULL,NULL,867097
"14404420",1233150,"Date_Complete","02-Nov-08",NULL,NULL,867098
"14404421",1233150,"Drill_contractor","Strange",NULL,NULL,867099
"14404422",1233151,"Drill_code","RC",NULL,NULL,867092
"14404423",1233151,"Total_depth","170",NULL,NULL,867093
"14404424",1233151,"Elevation","376.052",NULL,NULL,867096
"14404425",1233151,"Lease_ID","M59/644",NULL,NULL,867097
"14404426",1233151,"Date_Complete","04-Nov-08",NULL,NULL,867098
"14404427",1233151,"Drill_contractor","Strange",NULL,NULL,867099
"14404428",1233152,"Drill_code","RC",NULL,NULL,867092
"14404429",1233152,"Total_depth","150",NULL,NULL,867093
"14404430",1233152,"Elevation","402.044",NULL,NULL,867096
"14404431",1233152,"Lease_ID","M59/644",NULL,NULL,867097
"14404432",1233152,"Date_Complete","05-Nov-08",NULL,NULL,867098
"14404433",1233152,"Drill_contractor","Strange",NULL,NULL,867099
"14404434",1233153,"Drill_code","RC",NULL,NULL,867092
"14404435",1233153,"Total_depth","180",NULL,NULL,867093
"14404436",1233153,"Elevation","374.132",NULL,NULL,867096
"14404437",1233153,"Lease_ID","M59/644",NULL,NULL,867097
"14404438",1233153,"Date_Complete","09-Nov-08",NULL,NULL,867098
"14404439",1233153,"Drill_contractor","Strange",NULL,NULL,867099
"14404440",1233154,"Drill_code","RC",NULL,NULL,867092
"14404441",1233154,"Total_depth","180",NULL,NULL,867093
"14404442",1233154,"Elevation","434.943",NULL,NULL,867096
"14404443",1233154,"Lease_ID","M59/644",NULL,NULL,867097
"14404444",1233154,"Date_Complete","13-Nov-08",NULL,NULL,867098
"14404445",1233154,"Drill_contractor","Strange",NULL,NULL,867099
"14404446",1233155,"Drill_code","RC",NULL,NULL,867092
"14404447",1233155,"Total_depth","168",NULL,NULL,867093
"14404448",1233155,"Elevation","413.028",NULL,NULL,867096
"14404449",1233155,"Lease_ID","M59/644",NULL,NULL,867097
"14404450",1233155,"Date_Complete","15-Nov-08",NULL,NULL,867098
"14404451",1233155,"Drill_contractor","Strange",NULL,NULL,867099
"14404452",1233156,"Drill_code","RC",NULL,NULL,867092
"14404453",1233156,"Total_depth","170",NULL,NULL,867093
"14404454",1233156,"Elevation","411.864",NULL,NULL,867096
"14404455",1233156,"Lease_ID","M59/644",NULL,NULL,867097
"14404456",1233156,"Date_Complete","17-Nov-08",NULL,NULL,867098
"14404457",1233156,"Drill_contractor","Strange",NULL,NULL,867099
"14404458",1233157,"Drill_code","RC",NULL,NULL,867092
"14404459",1233157,"Total_depth","137",NULL,NULL,867093
"14404460",1233157,"Elevation","412.133",NULL,NULL,867096
"14404461",1233157,"Lease_ID","M59/644",NULL,NULL,867097
"14404462",1233157,"Date_Complete","18-Nov-08",NULL,NULL,867098
"14404463",1233157,"Drill_contractor","Strange",NULL,NULL,867099
"14404548",1233172,"Drill_code","RC",NULL,NULL,867092
"14404549",1233172,"Total_depth","138",NULL,NULL,867093
"14404550",1233172,"Elevation","364.602",NULL,NULL,867096
"14404551",1233172,"Lease_ID","E59/817",NULL,NULL,867097
"14404552",1233172,"Date_Complete","30-Nov-08",NULL,NULL,867098
"14404553",1233172,"Drill_contractor","Strange",NULL,NULL,867099
"14404590",1233179,"Drill_code","RC",NULL,NULL,867092
"14404591",1233179,"Total_depth","126",NULL,NULL,867093
"14404592",1233179,"Elevation","359.263",NULL,NULL,867096
"14404593",1233179,"Lease_ID","E59/817",NULL,NULL,867097
"14404594",1233179,"Date_Complete","05-Dec-08",NULL,NULL,867098
"14404595",1233179,"Drill_contractor","Strange",NULL,NULL,867099
"14404626",1233185,"Drill_code","RC",NULL,NULL,867092
"14404627",1233185,"Total_depth","126",NULL,NULL,867093
"14404628",1233185,"Elevation","358.45",NULL,NULL,867096
"14404629",1233185,"Lease_ID","E59/817",NULL,NULL,867097
"14404630",1233185,"Date_Complete","07-Dec-08",NULL,NULL,867098
"14404631",1233185,"Drill_contractor","Strange",NULL,NULL,867099
"14404746",1233205,"Drill_code","RC",NULL,NULL,867092
"14404747",1233205,"Total_depth","216",NULL,NULL,867093
"14404748",1233205,"Elevation","432.749",NULL,NULL,867096
"14404749",1233205,"Lease_ID","M59/644",NULL,NULL,867097
"14404750",1233205,"Date_Complete","13-Dec-08",NULL,NULL,867098
"14404751",1233205,"Drill_contractor","Strange",NULL,NULL,867099
"14404752",1233206,"Drill_code","RC",NULL,NULL,867092
"14404753",1233206,"Total_depth","138",NULL,NULL,867093
"14404754",1233206,"Elevation","419.812",NULL,NULL,867096
"14404755",1233206,"Lease_ID","M59/644",NULL,NULL,867097
"14404756",1233206,"Date_Complete","14-Dec-08",NULL,NULL,867098
"14404757",1233206,"Drill_contractor","Strange",NULL,NULL,867099
"14404758",1233207,"Drill_code","RCD",NULL,NULL,867092
"14404759",1233207,"Total_depth","450",NULL,NULL,867093
"14404760",1233207,"Elevation","431.426",NULL,NULL,867096
"14404761",1233207,"Lease_ID","M59/644",NULL,NULL,867097
"14404762",1233207,"Date_Complete","28-Nov-08",NULL,NULL,867098
"14404763",1233207,"Drill_contractor","Arrin/MtM",NULL,NULL,867099
"14404764",1233208,"Drill_code","DD",NULL,NULL,867092
"14404765",1233208,"Total_depth","443.2",NULL,NULL,867093
"14404766",1233208,"Elevation","380.234",NULL,NULL,867096
"14404767",1233208,"Lease_ID","M59/644",NULL,NULL,867097
"14404768",1233208,"Date_Complete","12-Feb-09",NULL,NULL,867098
"14404769",1233208,"Drill_contractor","Connector",NULL,NULL,867099
"14404770",1233209,"Drill_code","RCD",NULL,NULL,867092
"14404771",1233209,"Total_depth","215",NULL,NULL,867093
"14404772",1233209,"Elevation","403.074",NULL,NULL,867096
"14404773",1233209,"Lease_ID","M59/721",NULL,NULL,867097
"14404774",1233209,"Date_Complete","11-Oct-08",NULL,NULL,867098
"14404775",1233209,"Drill_contractor","Connector",NULL,NULL,867099
"14404776",1233210,"Drill_code","RCD",NULL,NULL,867092
"14404777",1233210,"Total_depth","703.2",NULL,NULL,867093
"14404778",1233210,"Elevation","416.671",NULL,NULL,867096
"14404779",1233210,"Lease_ID","M59/644",NULL,NULL,867097
"14404780",1233210,"Date_Complete","03-Jun-08",NULL,NULL,867098
"14404781",1233210,"Drill_contractor","Grimwood",NULL,NULL,867099
"14404782",1233211,"Drill_code","RCD",NULL,NULL,867092
"14404783",1233211,"Total_depth","444.7",NULL,NULL,867093
"14404784",1233211,"Elevation","435.841",NULL,NULL,867096
"14404785",1233211,"Lease_ID","M59/644",NULL,NULL,867097
"14404786",1233211,"Date_Complete","14-Jan-09",NULL,NULL,867098
"14404787",1233211,"Drill_contractor","Mt Magnet",NULL,NULL,867099
"14404788",1233212,"Drill_code","RCD",NULL,NULL,867092
"14404789",1233212,"Total_depth","467",NULL,NULL,867093
"14404790",1233212,"Elevation","419.057",NULL,NULL,867096
"14404791",1233212,"Lease_ID","M59/644",NULL,NULL,867097
"14404792",1233212,"Date_Complete","17-Jan-09",NULL,NULL,867098
"14404793",1233212,"Drill_contractor","Strange",NULL,NULL,867099
"14404794",1233213,"Drill_code","RCD",NULL,NULL,867092
"14404795",1233213,"Total_depth","452.4",NULL,NULL,867093
"14404796",1233213,"Elevation","432.543",NULL,NULL,867096
"14404797",1233213,"Lease_ID","M59/644",NULL,NULL,867097
"14404798",1233213,"Date_Complete","28-May-08",NULL,NULL,867098
"14404799",1233213,"Drill_contractor","Connector",NULL,NULL,867099
"14404800",1233214,"Drill_code","RCD",NULL,NULL,867092
"14404801",1233214,"Total_depth","500.1",NULL,NULL,867093
"14404802",1233214,"Elevation","421.876",NULL,NULL,867096
"14404803",1233214,"Lease_ID","M59/644",NULL,NULL,867097
"14404804",1233214,"Date_Complete","10-Jun-08",NULL,NULL,867098
"14404805",1233214,"Drill_contractor","Connector",NULL,NULL,867099
"14404806",1233215,"Drill_code","RCD",NULL,NULL,867092
"14404807",1233215,"Total_depth","288.2",NULL,NULL,867093
"14404808",1233215,"Elevation","420.894",NULL,NULL,867096
"14404809",1233215,"Lease_ID","M59/644",NULL,NULL,867097
"14404810",1233215,"Date_Complete","29-Oct-08",NULL,NULL,867098
"14404811",1233215,"Drill_contractor","Connector",NULL,NULL,867099
"14404812",1233216,"Drill_code","RCD",NULL,NULL,867092
"14404813",1233216,"Total_depth","556.4",NULL,NULL,867093
"14404814",1233216,"Elevation","422.946",NULL,NULL,867096
"14404815",1233216,"Lease_ID","M59/644",NULL,NULL,867097
"14404816",1233216,"Date_Complete","24-Jan-09",NULL,NULL,867098
"14404817",1233216,"Drill_contractor","Connector",NULL,NULL,867099
"14404818",1233217,"Drill_code","RCD",NULL,NULL,867092
"14404819",1233217,"Total_depth","275",NULL,NULL,867093
"14404820",1233217,"Elevation","439.417",NULL,NULL,867096
"14404821",1233217,"Lease_ID","M59/644",NULL,NULL,867097
"14404822",1233217,"Date_Complete","30-Nov-08",NULL,NULL,867098
"14404823",1233217,"Drill_contractor","Connector",NULL,NULL,867099
"14404824",1233218,"Drill_code","RCD",NULL,NULL,867092
"14404825",1233218,"Total_depth","356.1",NULL,NULL,867093
"14404826",1233218,"Elevation","439.49",NULL,NULL,867096
"14404827",1233218,"Lease_ID","M59/644",NULL,NULL,867097
"14404828",1233218,"Date_Complete","07-Dec-08",NULL,NULL,867098
"14404829",1233218,"Drill_contractor","Connector",NULL,NULL,867099
"14404830",1233219,"Drill_code","RCD",NULL,NULL,867092
"14404831",1233219,"Total_depth","342.6",NULL,NULL,867093
"14404832",1233219,"Elevation","427.781",NULL,NULL,867096
"14404833",1233219,"Lease_ID","M59/644",NULL,NULL,867097
"14404834",1233219,"Date_Complete","14-Dec-08",NULL,NULL,867098
"14404835",1233219,"Drill_contractor","Connector",NULL,NULL,867099
"14404836",1233220,"Drill_code","RCD",NULL,NULL,867092
"14404837",1233220,"Total_depth","311.1",NULL,NULL,867093
"14404838",1233220,"Elevation","427.832",NULL,NULL,867096
"14404839",1233220,"Lease_ID","M59/644",NULL,NULL,867097
"14404840",1233220,"Date_Complete","09-Dec-08",NULL,NULL,867098
"14404841",1233220,"Drill_contractor","Strange",NULL,NULL,867099
"14404842",1233221,"Drill_code","RCD",NULL,NULL,867092
"14404843",1233221,"Total_depth","302.1",NULL,NULL,867093
"14404844",1233221,"Elevation","439.148",NULL,NULL,867096
"14404845",1233221,"Lease_ID","M59/644",NULL,NULL,867097
"14404846",1233221,"Date_Complete","18-Nov-08",NULL,NULL,867098
"14404847",1233221,"Drill_contractor","Connector",NULL,NULL,867099
"14404848",1233222,"Drill_code","RCD",NULL,NULL,867092
"14404849",1233222,"Total_depth","540.6",NULL,NULL,867093
"14404850",1233222,"Elevation","431.721",NULL,NULL,867096
"14404851",1233222,"Lease_ID","M59/644",NULL,NULL,867097
"14404852",1233222,"Date_Complete","22-May-08",NULL,NULL,867098
"14404853",1233222,"Drill_contractor","Connector",NULL,NULL,867099
"14404854",1233223,"Drill_code","RCD",NULL,NULL,867092
"14404855",1233223,"Total_depth","501.3",NULL,NULL,867093
"14404856",1233223,"Elevation","431.53",NULL,NULL,867096
"14404857",1233223,"Lease_ID","M59/644",NULL,NULL,867097
"14404858",1233223,"Date_Complete","24-Nov-08",NULL,NULL,867098
"14404859",1233223,"Drill_contractor","Connector",NULL,NULL,867099
"14404860",1233224,"Drill_code","RCD",NULL,NULL,867092
"14404861",1233224,"Total_depth","597.1",NULL,NULL,867093
"14404862",1233224,"Elevation","422.015",NULL,NULL,867096
"14404863",1233224,"Lease_ID","M59/644",NULL,NULL,867097
"14404864",1233224,"Date_Complete","17-May-08",NULL,NULL,867098
"14404865",1233224,"Drill_contractor","Connector",NULL,NULL,867099
"14404866",1233225,"Drill_code","RCD",NULL,NULL,867092
"14404867",1233225,"Total_depth","221.3",NULL,NULL,867093
"14404868",1233225,"Elevation","364.621",NULL,NULL,867096
"14404869",1233225,"Lease_ID","M59/721",NULL,NULL,867097
"14404870",1233225,"Date_Complete","25-Oct-08",NULL,NULL,867098
"14404871",1233225,"Drill_contractor","Connector",NULL,NULL,867099
"14404872",1233226,"Drill_code","RCD",NULL,NULL,867092
"14404873",1233226,"Total_depth","317.4",NULL,NULL,867093
"14404874",1233226,"Elevation","376.292",NULL,NULL,867096
"14404875",1233226,"Lease_ID","M59/721",NULL,NULL,867097
"14404876",1233226,"Date_Complete","17-Oct-08",NULL,NULL,867098
"14404877",1233226,"Drill_contractor","Connector",NULL,NULL,867099
"14404878",1233227,"Drill_code","RCD",NULL,NULL,867092
"14404879",1233227,"Total_depth","260.1",NULL,NULL,867093
"14404880",1233227,"Elevation","370.619",NULL,NULL,867096
"14404881",1233227,"Lease_ID","M59/721",NULL,NULL,867097
"14404882",1233227,"Date_Complete","05-Sep-08",NULL,NULL,867098
"14404883",1233227,"Drill_contractor","Connector",NULL,NULL,867099
"14404884",1233228,"Drill_code","DD",NULL,NULL,867092
"14404885",1233228,"Total_depth","245",NULL,NULL,867093
"14404886",1233228,"Elevation","401.219",NULL,NULL,867096
"14404887",1233228,"Lease_ID","M59/721",NULL,NULL,867097
"14404888",1233228,"Date_Complete","01-Sep-08",NULL,NULL,867098
"14404889",1233229,"Drill_code","RCD",NULL,NULL,867092
"14404890",1233229,"Total_depth","147.4",NULL,NULL,867093
"14404891",1233229,"Elevation","387.233",NULL,NULL,867096
"14404892",1233229,"Lease_ID","M59/721",NULL,NULL,867097
"14404893",1233229,"Date_Complete","03-Oct-08",NULL,NULL,867098
"14404894",1233229,"Drill_contractor","Connector",NULL,NULL,867099
"14404901",1233231,"Drill_code","RCD",NULL,NULL,867092
"14404902",1233231,"Total_depth","247.4",NULL,NULL,867093
"14404903",1233231,"Elevation","390.166",NULL,NULL,867096
"14404904",1233231,"Lease_ID","M59/721",NULL,NULL,867097
"14404905",1233231,"Date_Complete","07-Oct-08",NULL,NULL,867098
"14404906",1233231,"Drill_contractor","Connector",NULL,NULL,867099
