CollarID,Company_LithoCode,Company_Litho,Company_Litho_Cleaned,CET_Litho,Score,
11410,GR,Granite,granite,[alkali-feldspar-granite],100,
11410,MG,Gabbro,gabbro,[foid-gabbro,100,
11410,SA,Undifferentiated arenite,arenite,[sandstone,101,
11410,CL,Clay,clay,[mud,101,
12411,Gr,Granitiod undifferentiated,granitiod un,Other,76,
12411,Xs,Schists [undifferentiated],schists ,[schist,92,
12411,Iv,Andesite [undifferentiated],andesite ,[greenschist_facies_basaltic-andesite],100,
12411,Grt,Granite,granite,[alkali-feldspar-granite],100,
12411,Sl,Silts [undifferentiated],silts ,[mud,89,
12411,Qsc,Colluvium - local coarse,colluvium   local ,[colluvium,100,
1286,UTC,Talc-Chlorite schist,talc chlorite schist,[talc-rock,100,
1286,MHM,High Mag Basalt,high mag basalt,[basalt,100,
1286,MDO,Dolerite,dolerite,[dolerite,100,
1286,S,Sedimentary rocks-undivided,sedimentary rocks undivided,Other,70,
1286,MGB,Gabbro,gabbro,[foid-gabbro,100,
1286,SCH,Chert,chert,[opaline-chert],100,
1286,MUN,Mafic Undiff,mafic ,[mafic-hornfels,100,
1286,SDL,Dolomite,dolomite,[dolostone,100,
1286,SSH,Shale,shale,[mudstone,101,
1286,USC,Ultramafic Schist,ultramafic schist,[schist,100,
1286,NSR,No sample-return,no sample return,Other,64,
1286,UUN,Ultramafic undiff,ultramafic ,[coarse-grained-ultramafic-rock],100,
1286,U,Ultramafic rocks-undivided,ultramafic rocks undivided,Other,80,
1286,A,Altered beyond recognition,altered beyond recognition,Other,53,
1286,A,Altered rock unknown precursor,altered rock ,[rock],100,
1286,BIF,BIF,bif,[banded_iron_formation,101,
1286,SBI,Banded Iron Formation BIF,banded iron formation ,Other,71,
1286,MSC,Schist,schist,[schist,100,
1286,SUN,Sediment undiff,sediment ,[hybrid-sediment],100,
1286,SSS,Siltstone,siltstone,[mudstone,101,
1286,SSD,Sandstone,sandstone,[sandstone,100,
1286,NR,Not logged\recorded,not logged\recorded,Other,50,
1286,M,Mafic-undivided,mafic undivided,[mafic,100,
1286,LMZ,Mottled Zone,mottled zone,[mottled_zone],92,
1286,SIF,Banded iron-formation,banded iron formation,Other,71,
1286,ASK,Silica Altered,silica altered,Other,67,
1286,MGA,Gabbro,gabbro,[foid-gabbro,100,
1286,SBS,Black Shale,black shale,[mudstone,101,
1286,MBA,Basalt,basalt,[basalt,100,
1286,SIS,Ironstone,ironstone,[ironstone/phosphorite],100,
1311,TCP,Tertiary palaeochannel pisolith gravel,tertiary palaeochannel pisolith gravel,[pisolith],100,
1311,MD,Dolerite,dolerite,[dolerite,100,
1311,MBH,High-Mg basalt,high mg basalt,[basalt,100,
1311,FGD,Granodiorite,granodiorite,[granodiorite],100,
1311,QCM,Quaternary colluvium - pebble rich,quaternary colluvium   pebble rich,[colluvium,100,
1311,MB,Basalt,basalt,[basalt,100,
1311,BIF,Banded iron formation,banded iron formation,Other,71,
1311,QZ,Quartz,quartz,[sandstone,100,
1311,TCC,Tertiary palaeochannel clay,tertiary palaeochannel clay,[mud,101,
1311,FD,Dacite volcanic rock,dacite volcanic rock,[dacite],100,
1311,TCS,Tertiary palaeochannel clayey sand,tertiary palaeochannel clayey sand,[bioclastic,100,
1311,QCF,Quaternary colluvium - fine  grained <5 mm maximum particle size,quaternary colluvium   fine  grained ,[colluvium,100,
1311,QCC,Quaternary colluvium - boulder rich,quaternary colluvium   boulder rich,[colluvium,100,
1311,QZ,Vein quartz,vein quartz,[vein,100,
1562,S,Sediment - Undfferentiated,sediment   undfferentiated,[sediment],100,
1562,SS,Sediment Schist,sediment schist,[schist,100,
1608,Rcc,Residual calcrete,residual calcrete,[calcrete,100,
1608,Fg,granite,granite,[alkali-feldspar-granite],100,
1608,Fg,granite ,granite ,[alkali-feldspar-granite],100,
1608,Fr,rhyolite,rhyolite,[alkali-feldspar-rhyolite],100,
1608,Rso,residual saprolite oxidised ,residual saprolite oxidised ,[saprolite,100,
1608,Rso,residual saprolite oxidised,residual saprolite oxidised,[saprolite,100,
1608,Tsd,Transported sand,transported sand,[bioclastic,100,
1608,Mgb,gabbro,gabbro,[foid-gabbro,100,
1608,Rsp,Saprolite - pallid zone,saprolite   pallid zone,[saprolite,100,
1608,Rsp,residual saprolite pallid,residual saprolite pallid,[saprolite,100,
1608,Rsp,Saprolite  pallid zone,saprolite  pallid zone,[saprolite,100,
1621,Z,mixed unit,mixed unit,Other,62,
1621,V,Vein,vein,[vein,100,
1621,Sx,breccia origin unknown,breccia  origin unknown,[unclassified_rock,101,
1621,Sc,conglomerate,conglomerate,[conglomerate,100,
1621,Sx,sedimentary breccia,sedimentary breccia,[breccia],100,
1621,Sct,chert,chert,[opaline-chert],100,
1621,M,mafic rocks undivided,mafic rocks  undivided,[mafic,100,
1621,Mb,basalt,basalt,[basalt,100,
1621,Fgd,granodiorite,granodiorite,[granodiorite],100,
1621,Spt,siltstone,siltstone,[mudstone,101,
1621,Msc,mafic schist undivided,mafic schist  undivided,[schist,100,
1621,Ssq,quartzite,quartzite,[secondary-quartzite],100,
1621,Sps,sandstone,sandstone,[sandstone,100,
1621,Utc,talc-carbonate schist/rock,talc carbonate schist rock,[carbonate,100,
1621,Sp,metapsammite undivided,psammite  undivided,[sandstone,100,
1621,Tx,tectonic breccia cataclasite brittle fault,tectonic breccia  cataclasite  brittle fault,[fault,100,
1621,Tm,mylonite ductile shear zone,mylonite  ductile shear zone,[mylonite,100,
1621,Lf,laterite ferruginous duricrust developed in situ over bedrock,laterite  ferruginous duricrust developed in situ over bedrock,[duricrust],100,
1621,Ssh,shale,shale,[mudstone,101,
1621,Uts,talc-serpentine-carbonateschist/rock,talc serpentineschist rock,[talc-rock,100,
1621,Eo,erosional soil,erosional soil,[soil,100,
1621,Cx,contamianted disturbed ground,contamianted  disturbed ground,Other,67,
1621,Md,dolerite,dolerite,[dolerite,100,
1621,NSR,no sample return,no sample return,Other,64,
1621,SIF,Banded iron formation,banded iron formation,Other,71,
1621,Tc,cataclasite,cataclasite,[cataclasite,100,
1621,Ccl,colluvial lag,colluvial lag,[lag],100,
1621,Fi,intrusive dyke sill etc,intrusive ,Other,78,
1621,S,sedimentary rocks undivided,sedimentary rocks  undivided,Other,70,
1621,S,massive sulphides,massive sulphides,[massive_sulphide,91,
1621,S,Sedimentary rocks - undivided,sedimentary rocks   undivided,Other,70,
1621,Slc,claystone mudstone,claystone  mudstone,[mudstone,100,
1621,Slc,metapelite undivided,pelite  undivided,[mudstone,100,
1621,A,Altered rock unknown precursor,altered rock ,[rock],100,
1621,Cc,colluvium,colluvium,[colluvium,100,
1621,U,Ultramafic rocks - undivided,ultramafic rocks   undivided,Other,80,
1621,U,ultramafic rocks undivided,ultramafic rocks  undivided,Other,80,
1621,X,unknown rock,unknown rock,[rock],100,
1621,Sif,iron-formation,iron formation,Other,69,
1621,Cco,colluvial soil,colluvial soil,[soil,100,
1621,M,Mafic - undivided,mafic   undivided,[mafic,100,
1647,TG,GRIT / HARDPAN,grit   hardpan,[silicate-sandstone,100,
1647,MB,BASALT,basalt,[basalt,100,
1647,VG,VEIN - QTZ / GOSSAN,vein   qtz   gossan,[vein,100,
1647,VS,VEIN - QTZ / SULPHIDE,vein   qtz   sulphide,[massive_sulphide,101,
1647,VQ,VEIN - QUARTZ,vein   quartz,[vein,100,
2551,Fgg,Pleistocene Acid Intrusive Granite,pleistocene acid intrusive granite,[granite,100,
2551,Af,Archaean Acid Extrusive,archaean acid extrusive,[felsic,100,
2551,Fe,Pleistocene Migmatite,pleistocene migmatite,[migmatite,100,
2551,Tst,Triassic Sediment Siltstone,triassic sediment siltstone,[mudstone,101,
2551,Tsu,Triassic Sediment Undifferentiated Sediment,triassic sediment sediment,[sediment],100,
2551,Ss,Silurian Sediment,silurian sediment,[sediment],100,
2551,Cv,Cambrian Vein material,cambrian vein material,[vein,100,
2551,Fp,Pleistocene Massive sulphide,pleistocene massive sulphide,[massive_sulphide,101,
2551,Lu,Oligocene Ultramafic Extrusive,oligocene ultramafic extrusive,Other,80,
2551,Lu,Oligocene Ultramafic Intrusive,oligocene ultramafic intrusive,Other,80,
2551,Cs,Cambrian Sediment,cambrian sediment,[sediment],100,
2551,Aap,Archaean Amphibolite Metamorphism Para-amphibolite,archaean amphibolite morphism para amphibolite,[amphibolite],100,
2551,Cy,Cambrian Mylonite,cambrian mylonite,[mylonite,100,
2551,Mb,Miocene Mafic Extrusive,miocene mafic extrusive,[mafic,100,
2551,Qv,Quaternary Vein material,quaternary vein material,[vein,100,
2551,Qs,Quaternary Sediment,quaternary sediment,[sediment],100,
2551,Qctcy,Quaternary Calcrete Clay ,quaternary calcrete clay ,[mud,101,
2551,Qal,Quaternary Alluvium,quaternary alluvium,[alluvium,100,
2551,Ab,Archaean Mafic Extrusive,archaean mafic extrusive,[mafic,100,
2551,As,Archaean Sediment,archaean sediment,[sediment],100,
2551,Lm,Oligocene Marble,oligocene marble,[marble,100,
2551,Qag,Quaternary Amphibolite Metamorphism Gneiss,quaternary amphibolite morphism gneiss,[gneiss],100,
2551,Qslcy,Quaternary Soil Clay ,quaternary soil clay ,[mud,101,
2551,Qap,Quaternary Amphibolite Metamorphism Para-amphibolite,quaternary amphibolite morphism para amphibolite,[amphibolite],100,
2551,Sch,Silurian Chemical Sediments Chert,silurian chemical sediments chert,[sediments],100,
2551,Tc,Triassic Chemical Sediments,triassic chemical sediments,[sediments],100,
2551,Lg,Oligocene Acid Intrusive,oligocene acid intrusive,[felsic,100,
2551,Qhp,Quaternary Hardpan,quaternary hardpan,Other,52,
2551,Tlc,Triassic Lamprophyre/Kimberlites Carbonatite,triassic lamprophyre kimberlites carbonatite,[carbonatite,100,
2551,Tf,Triassic Acid Extrusive,triassic acid extrusive,[felsic,100,
2551,Mv,Miocene Vein material,miocene vein material,[vein,100,
2551,Qas,Quaternary Amphibolite Metamorphism Schist,quaternary amphibolite morphism schist,[amphibolite],100,
2551,Qi,Quaternary Intermediate Extrusive,quaternary intermediate extrusive,[intermediate,100,
2551,Qi,Quaternary Intermediate Intrusive,quaternary intermediate intrusive,[intermediate,100,
2551,Qfk,Quaternary Ferricrete,quaternary ferricrete,[ferricrete],100,
2551,Qct,Quaternary Calcrete,quaternary calcrete,[calcrete,100,
2551,Ls,Oligocene Sediment,oligocene sediment,[sediment],100,
2551,Cu,Cambrian Ultramafic Extrusive,cambrian ultramafic extrusive,Other,80,
2551,Cu,Cambrian Ultramafic Intrusive,cambrian ultramafic intrusive,Other,80,
2551,Am,Archaean Marble,archaean marble,[marble,100,
2551,Qsl,Quaternary Soil,quaternary soil,[soil,100,
2551,Tl,Triassic Lamprophyre/Kimberlites,triassic lamprophyre kimberlites,[lamprophyre,100,
2551,Fg,Pleistocene Acid Intrusive,pleistocene acid intrusive,[felsic,100,
2551,Lp,Oligocene Massive sulphide,oligocene massive sulphide,[massive_sulphide,101,
2551,Sr,Silurian Greenschist Metamorphism,silurian greenschist morphism,[greenschist],100,
2551,Qsllk,Quaternary Soil Lithic Fragments ,quaternary soil lithic fragments ,[soil,100,
2551,Qctfe,Quaternary Calcrete Ferruginuous ,quaternary calcrete ferruginuous ,[calcrete,100,
2551,Qc,Quaternary Chemical Sediments,quaternary chemical sediments,[sediments],100,
2551,Ql,Quaternary Lamprophyre/Kimberlites,quaternary lamprophyre kimberlites,[lamprophyre,100,
2551,Czsa,Cainozoic Saprolite,cainozoic saprolite,[saprolite,100,
2551,Qalcy,Quaternary Alluvium Clay ,quaternary alluvium clay ,[mud,101,
2551,Qeo,Quaternary Aeolian,quaternary aeolian,Other,59,
2551,Br,Pliocene Greenschist Metamorphism,pliocene greenschist morphism,[greenschist],100,
2551,Csm,Cambrian Sediment Limestone ,cambrian sediment limestone ,[limestone,100,
2551,Cst,Cambrian Sediment Siltstone,cambrian sediment siltstone,[mudstone,101,
2551,Lcu,Oligocene Chemical Sediments Undifferentiated Chemical Sediment,oligocene chemical sediments chemical sediment,[sediments],100,
2551,Lfc,Oligocene Acid Extrusive Dacite,oligocene acid extrusive dacite,[dacite],100,
2551,Ph,Proterozoic Hornfels,proterozoic hornfels,[hornfels],100,
2551,Qh,Quaternary Hornfels,quaternary hornfels,[hornfels],100,
2551,Hp,Carboniferous Massive sulphide,carboniferous massive sulphide,[massive_sulphide,101,
2551,Abs,Archaean Mafic Extrusive Spilitic Basalt,archaean mafic extrusive spilitic basalt,[basalt,100,
2551,Fm,Pleistocene Marble,pleistocene marble,[marble,100,
2551,Lsu,Oligocene Sediment Undifferentiated Sediment,oligocene sediment sediment,[sediment],100,
2551,Qalfe,Quaternary Alluvium Ferruginuous ,quaternary alluvium ferruginuous ,[alluvium,100,
2551,Aso,Archaean Sediment Dolomite,archaean sediment dolomite,[dolostone,100,
2551,Qa,Quaternary Amphibolite Metamorphism,quaternary amphibolite morphism,[amphibolite],100,
2551,Sh,Silurian Hornfels,silurian hornfels,[hornfels],100,
2551,Lf,Oligocene Acid Extrusive,oligocene acid extrusive,[felsic,100,
2551,Lc,Oligocene Chemical Sediments,oligocene chemical sediments,[sediments],100,
2551,Fv,Pleistocene Vein material,pleistocene vein material,[vein,100,
2551,Ash,Archaean Sediment Shale ,archaean sediment shale ,[mudstone,101,
2551,Qscfe,Quaternary Silcrete Ferruginuous ,quaternary silcrete ferruginuous ,[silcrete],100,
2551,Qfkcy,Quaternary Ferricrete Clay ,quaternary ferricrete clay ,[mud,101,
2551,Pogmt,Proterozoic Mafic Intrusive Gabbro Magnetic,proterozoic mafic intrusive gabbro magnetic,[gabbro,100,
2551,Qlecy,Quaternary Lacustrine Evaporites Clay ,quaternary lacustrine evaporites clay ,[mud,101,
2551,Tsm,Triassic Sediment Limestone ,triassic sediment limestone ,[limestone,100,
2551,Shu,Silurian Hornfels Undifferentiated Hornfels,silurian hornfels hornfels,[hornfels],100,
2551,Ts,Triassic Sediment,triassic sediment,[sediment],100,
2551,Mbm,Miocene Mafic Extrusive High-mag Basalt,miocene mafic extrusive high mag basalt,[basalt,100,
2551,Pgg,Proterozoic Acid Intrusive Granite,proterozoic acid intrusive granite,[granite,100,
2551,Qctsi,Quaternary Calcrete Siliceous ,quaternary calcrete siliceous ,[calcrete,100,
2551,Qrs,Quaternary Greenschist Metamorphism Schist,quaternary greenschist morphism schist,[greenschist],100,
2664,Aaa,Archaean Amphibolite Metamorphism Amphibolite undifferentiated,archaean amphibolite morphism amphibolite un,[amphibolite],100,
2664,Ach,Archaean Chemical Sediments Chert,archaean chemical sediments chert,[sediments],100,
2664,Mu,Miocene Ultramafic Intrusive,miocene ultramafic intrusive,Other,80,
2664,Mu,Miocene Ultramafic Extrusive,miocene ultramafic extrusive,Other,80,
2664,Asm,Archaean Sediment Limestone ,archaean sediment limestone ,[limestone,100,
2664,Qcu,Quaternary Chemical Sediments Undifferentiated Chemical Sediment,quaternary chemical sediments chemical sediment,[sediments],100,
2664,Abs,Archaean Mafic Extrusive Spilitic Basalt,archaean mafic extrusive spilitic basalt,[basalt,100,
2664,Qcvlt,Quaternary Colluvium Lateritic ,quaternary colluvium lateritic ,[colluvium,100,
2664,Czlp,Cainozoic Lamprophyre/Kimberlites Phyric lamprophyre,cainozoic lamprophyre kimberlites phyric lamprophyre,[lamprophyre,100,
2664,Ash,Archaean Sediment Shale ,archaean sediment shale ,[mudstone,101,
2664,Aap,Archaean Amphibolite Metamorphism Para-amphibolite,archaean amphibolite morphism para amphibolite,[amphibolite],100,
2664,Ah,Archaean Hornfels,archaean hornfels,[hornfels],100,
2664,Af,Archaean Acid Extrusive,archaean acid extrusive,[felsic,100,
2664,Qst,Quaternary Sediment Siltstone,quaternary sediment siltstone,[mudstone,101,
2664,Aodqt,Archaean Mafic Intrusive Dolerite Quartz,archaean mafic intrusive dolerite quartz,[vein,100,
2664,Czlt,Cainozoic Lateritic Residuum,cainozoic lateritic residuum,Other,71,
2664,Agd,Archaean Acid Intrusive Granodiorite,archaean acid intrusive granodiorite,[granodiorite],100,
2664,Ast,Archaean Sediment Siltstone,archaean sediment siltstone,[mudstone,101,
2664,Czis,Cainozoic Intermediate Intrusive Syenite,cainozoic intermediate intrusive syenite,[syenite,100,
2664,Ta,Triassic Amphibolite Metamorphism,triassic amphibolite morphism,[amphibolite],100,
2664,Czsc,Cainozoic Silcrete,cainozoic silcrete,[silcrete],100,
2664,Czmz,Cainozoic Mottled Zone,cainozoic mottled zone,Other,65,
2664,Czsk,Cainozoic Sediment Coal,cainozoic sediment coal,[coal],100,
2664,Qas,Quaternary Amphibolite Metamorphism Schist,quaternary amphibolite morphism schist,[amphibolite],100,
2664,Czsp,Cainozoic Sediment Sandstone,cainozoic sediment sandstone,[sandstone,100,
2664,Agg,Archaean Acid Intrusive Granite,archaean acid intrusive granite,[granite,100,
2664,Ag,Archaean Acid Intrusive,archaean acid intrusive,[felsic,100,
2664,Czla,Cainozoic Lacustrine,cainozoic lacustrine,Other,59,
2664,Czab,Cainozoic Amphibolite Metamorphism Biotite Schist,cainozoic amphibolite morphism biotite schist,[amphibolite],100,
2664,Qa,Quaternary Amphibolite Metamorphism,quaternary amphibolite morphism,[amphibolite],100,
2664,Lt,Oligocene Granulite Metamorphism,oligocene granulite morphism,[granulite],100,
2664,Czas,Cainozoic Amphibolite Metamorphism Schist,cainozoic amphibolite morphism schist,[amphibolite],100,
2664,Qlp,Quaternary Lamprophyre/Kimberlites Phyric lamprophyre,quaternary lamprophyre kimberlites phyric lamprophyre,[lamprophyre,100,
2664,Qsl,Quaternary Soil,quaternary soil,[soil,100,
2664,Czls,Cainozoic Saprock,cainozoic saprock,[saprock],100,
2664,Ab,Archaean Mafic Extrusive,archaean mafic extrusive,[mafic,100,
2664,Abp,Archaean Mafic Extrusive Picritic Basalt,archaean mafic extrusive picritic basalt,[basalt,100,
2664,As,Archaean Sediment,archaean sediment,[sediment],100,
2664,Qls,Quaternary Saprock,quaternary saprock,[saprock],100,
2664,Arc,Archaean Greenschist Metamorphism Chlorite Schist,archaean greenschist morphism chlorite schist,[greenschist],100,
2664,Aog,Archaean Mafic Intrusive Gabbro,archaean mafic intrusive gabbro,[gabbro,100,
2664,Asp,Archaean Sediment Sandstone,archaean sediment sandstone,[sandstone,100,
2664,Afu,Archaean Acid Extrusive Undifferentiated Acid  Volcanics,archaean acid extrusive acid  volcanics,[felsic,100,
2664,Qsc,Quaternary Silcrete,quaternary silcrete,[silcrete],100,
2664,Czcv,Cainozoic Colluvium,cainozoic colluvium,[colluvium,100,
2664,Aci,Archaean Chemical Sediments BIF,archaean chemical sediments bif,[banded_iron_formation,101,
2664,Qcv,Quaternary Colluvium,quaternary colluvium,[colluvium,100,
2664,Aod,Archaean Mafic Intrusive Dolerite,archaean mafic intrusive dolerite,[dolerite,100,
2664,Cab,Cambrian Amphibolite Metamorphism Biotite Schist,cambrian amphibolite morphism biotite schist,[amphibolite],100,
2664,Cb,Cambrian Mafic Extrusive,cambrian mafic extrusive,[mafic,100,
2664,Cy,Cambrian Mylonite,cambrian mylonite,[mylonite,100,
2664,Qv,Quaternary Vein material,quaternary vein material,[vein,100,
2664,Agm,Archaean Acid Intrusive Monzogranite,archaean acid intrusive monzogranite,[monzogranite],100,
2664,Qhp,Quaternary Hardpan,quaternary hardpan,Other,52,
2664,Qap,Quaternary Amphibolite Metamorphism Para-amphibolite,quaternary amphibolite morphism para amphibolite,[amphibolite],100,
2664,Auu,Archaean Ultramafic Extrusive Undifferentiated Ultramafic,archaean ultramafic extrusive ultramafic,Other,80,
2664,Auu,Archaean Ultramafic Intrusive Undifferentiated Ultramafic,archaean ultramafic intrusive ultramafic,Other,80,
2664,Ac,Archaean Chemical Sediments,archaean chemical sediments,[sediments],100,
2664,Ars,Archaean Greenschist Metamorphism Schist,archaean greenschist morphism schist,[greenschist],100,
2664,Au,Archaean Ultramafic Intrusive,archaean ultramafic intrusive,Other,80,
2664,Czs,Cainozoic Sediment,cainozoic sediment,[sediment],100,
2664,Hp,Carboniferous Massive sulphide,carboniferous massive sulphide,[massive_sulphide,101,
2664,Qlglt,Quaternary Lag Lateritic ,quaternary lag lateritic ,[lag],100,
2664,Au,Archaean Ultramafic Extrusive,archaean ultramafic extrusive,Other,80,
2664,Qct,Quaternary Calcrete,quaternary calcrete,[calcrete,100,
2664,Tlc,Triassic Lamprophyre/Kimberlites Carbonatite,triassic lamprophyre kimberlites carbonatite,[carbonatite,100,
2664,Qmz,Quaternary Mottled Zone,quaternary mottled zone,Other,63,
2664,Czlc,Cainozoic Lamprophyre/Kimberlites Carbonatite,cainozoic lamprophyre kimberlites carbonatite,[carbonatite,100,
2664,Czhp,Cainozoic Hardpan,cainozoic hardpan,Other,52,
2664,Aux,Archaean Ultramafic Intrusive Pyroxenite,archaean ultramafic intrusive pyroxenite,[pyroxenite,100,
2705,NAO,Transported  Alluvium,transported  alluvium,[alluvium,100,
2705,RPA,Regolith Pallid Zone,regolith  pallid zone,[regolith],100,
2705,XXX,No Logs Available Could Not Recode,no logs available  could not recode,Other,45,
2705,RSC,Regolith Silcrete,regolith  silcrete,[regolith],100,
2705,OOO,Unknown,unknown,[unclassified_rock,101,
2705,IOO,Intermediate  Rock undivided,intermediate  rock  undivided,[rock],100,
2705,RLO,Regolith  Undiffere ntiated  Laterite,regolith   ere ntiated  laterite,[laterite,100,
2705,MBO,Mafic  Basalt  undivided,mafic   basalt  undivided,[basalt,100,
2705,NSO,Transported  Sand,transported  sand,[bioclastic,100,
2705,USH,Ultramafic  schist undivided,ultramafic  schist  undivided,[schist,100,
2705,UOO,Ultramafic  Rocks  undivided,ultramafic  rocks   undivided,Other,80,
2705,DLO,Duricrust  Lateritic,duricrust  lateritic,[duricrust],100,
2705,FOO,Felsic  Rocks  undivided,felsic  rocks   undivided,[felsic,100,
2705,GOO,Intrusive Granitic Rocks,intrusive granitic rocks,Other,76,
2705,MDO,Mafic dolerite,mafic dolerite,[dolerite,100,
2705,NFO,Transported  Ferruginous,transported  ferruginous,[colluvium,100,
2705,RFC,Regolith Ferruginous Clays,regolith  ferruginous clays,[mud,101,
2705,NGO,Transported  Gravel,transported  gravel,[colluvium,100,
2705,NCO,Transported  Clay,transported  clay,[mud,101,
2705,RFO,Regolith Ferruginous Undifferentiated,regolith  ferruginous un,[regolith],100,
2705,UAO,Ultramafic  with  metamorphic  amphibole,ultramafic  with  morphic  amphibole,Other,80,
2705,RMZ,Regolith Mottled Zone,regolith  mottled zone,[regolith],100,
2705,MAO,Mafic  Amphibolite,mafic  amphibolite,[amphibolite],100,
2705,UTO,Ultramafic  with talc,ultramafic  with talc,[talc-rock,100,
2705,USE,Ultrama fic Serpentinite,ultrama fic  serpentinite,[serpentinite],100,
2705,NHO,Transported  hardpan,transported   hardpan,[colluvium,100,
2705,GPO,Intrusive Pegmatites,intrusive pegmatites,Other,63,
2705,RCY,Regolith  Clay,regolith   clay,[mud,101,
2705,FIO,Felsic  Intrusive undivided,felsic  intrusive  undivided,[felsic,100,
2705,NOO,Transported  Undivided,transported  undivided,[colluvium,100,
2705,RHP,Regolith  Hardpan,regolith   hardpan,[regolith],100,
2705,OLO,Unknown lost core no sample  etc,unknown  lost core  no sample  etc,[unclassified_rock,100,
2705,UAT,Ultramafic  with amphibole talc chlorite,ultramafic  with amphibole  talc  chlorite,[talc-rock,100,
2705,WOO,Weathered Rock Insitu Clay Saprolite,weathered rock  insitu  clay  saprolite,[rock],100,
2705,RCV,Regolith Colluvium,regolith  colluvium,[colluvium,100,
2705,DHO,Duricrust  Hardpan,duricrust  hardpan,[duricrust],100,
2705,MOO,Mafic  Rocks  undivided,mafic  rocks   undivided,[mafic,100,
2705,NLO,Transported  Laterite,transported  laterite,[colluvium,100,
2708,ALN,Alluvial Nodules,alluvial nodules,[alluvium,100,
2708,IRST,Ironstone,ironstone,[ironstone/phosphorite],100,
2708,RCY,Residual Clay,residual clay,[mud,101,
2708,SSH,Shale,shale,[mudstone,101,
2708,RLC,Residual Clay Zone,residual clay zone,[mud,100,
2708,TMSH,Schist,schist,[schist,100,
2708,UKB,Basaltic komatiite,basaltic komatiite,[komatiite],100,
2708,PER,Peridolite,peridolite,[peridotite,90,
2708,BLT,Basalt,basalt,[basalt,100,
2708,CHRT,Chert,chert,[opaline-chert],100,
2708,RUC,Ultramafic caprock,ultramafic caprock,[ultramafic-rock,91,
2708,RSP,Saprolite,saprolite,[saprolite,100,
2708,SQFS,Quartz feldsparsericite schist meta argillite or arenite,quartz feldsparsericite schist   argillite or arenite,[sandstone,101,
2708,SK,Arkose,arkose,[sandstone,101,
2708,U,Ultramafic,ultramafic,[coarse-grained-ultramafic-rock],100,
2708,SRP,Serpentinite,serpentinite,[serpentinite],100,
2708,SCL,Claystone,claystone,[mudstone,101,
2708,ITAF,Intermediate tuff ash fall,intermediate tuff  ash fall,[fall,100,
2708,RSO,Residual Soil,residual soil,[soil,100,
2708,DRT,Diorite,diorite,[foid-diorite,100,
2708,RLA,Residual Undifferentiated Laterite,residual laterite,[laterite,100,
2708,SIFX,Oxide Iron Formation,oxide iron formation,Other,67,
2708,TCBS,Talc carbonate Schist,talc carbonate schist,[carbonate,100,
2708,XKA,Undifferentiated Non-residual Calcrete,non residual calcrete,[calcrete,100,
2708,XSI,Undifferentiated Non-residual Silcrete,non residual silcrete,[silcrete],100,
2708,XLZ,Undifferentiated Non-residual Pallid Zone,non residual pallid zone,Other,50,
2708,RLZ,Residual Pallid Zone,residual pallid zone,Other,55,
2708,SCHT,Schist,schist,[schist,100,
2708,UTC,Talc chlorite,talc chlorite,[talc-rock,100,
2708,SLT,Silt,silt,[mud,101,
2708,SOIL,Soil,soil,[soil,100,
2708,ACY,Alluvial Clay,alluvial clay,[mud,101,
2708,CGA,Colluvial Gravel/Sand,colluvial gravel sand,[bioclastic,100,
2708,MOTZ,Mottle Zone,mottle zone,[mottled_zone],87,
2708,SCI,Chert,chert,[opaline-chert],100,
2708,TMPH,Phyllite,phyllite,[phyllite],100,
2708,UPX,Pyroxenite,pyroxenite,[hornblendite,100,
2708,XLC,Undifferentiated Non-residual Clay Zone,non residual clay zone,[mud,100,
2708,XSC,Undifferentiated Non-residual Sand/Clay,non residual sand clay,[mud,101,
2708,RKA,Residual Calcrete,residual calcrete,[calcrete,100,
2708,MTB,Theoliitic basalt,theoliitic basalt,[basalt,100,
2708,MG,Gabbroid,gabbroid,[foid-gabbroid,100,
2708,M,Mafic Rock,mafic rock,[rock],100,
2708,M,Mafic,mafic,[mafic-hornfels,100,
2708,UTCB,Undifferentiated talc carboante,talc carboante,[talc-rock,100,
2708,CPB,Colluvial Pebbles,colluvial pebbles,[gravel,101,
2708,MCS,Tremolite actinolite chlorite schist,tremolite  chlorite schist,[schist,100,
2708,GVL,Gravel,gravel,[aragonite,100,
2708,FV,Felsic Volcanic,felsic volcanic,[felsic,100,
2708,UPD,Peridotite,peridotite,[peridotite,100,
2708,KTT,Komatiite,komatiite,[komatiite],100,
2708,SAN,Sannaite,sannaite,[lamprophyre,101,
2708,AP,Aplite,aplite,[aplite],100,
2708,RGA,Residual Gravel/Sand,residual gravel sand,[bioclastic,100,
2708,GO,Gossan,gossan,[gossan,100,
2708,XTC,Undifferentiated Non-residual Silt/Clay,non residual silt clay,[mud,101,
2708,XLM,Undifferentiated Non-residual Mottle Zone,non residual mottle zone,Other,61,
2708,XIR,Undifferentiated Non-residual Ironstone,non residual ironstone,[ironstone,100,
2708,RSC,Residual Sand/Clay,residual sand clay,[mud,101,
2708,RIR,Residual Ironstone,residual ironstone,[ironstone,100,
2708,RHP,Residual Hardpan,residual hardpan,Other,55,
2708,LATT,Laterite,laterite,[laterite,100,
2708,ATC,Alluvial Silt/Clay,alluvial silt clay,[mud,101,
2708,ALP,Alluvial Pisolites,alluvial pisolites,[alluvium,100,
2708,CLP,Colluvial Pisolites,colluvial pisolites,Other,67,
2708,UAC,Amphibole talc chlorite,amphibole talc chlorite,[talc-rock,100,
2708,SND,Sand,sand,[bioclastic,100,
2708,RLM,Residual Mottle Zone,residual mottle zone,Other,69,
2708,PHYL,Phyllite,phyllite,[phyllite],100,
2708,MN,Norite,norite,[norite,100,
2708,CIP,Colluvial Robe pisolite,colluvial robe pisolite,[pisolite],100,
2708,CCY,Colluvial Clay,colluvial clay,[mud,101,
2708,BLSH,Black Shale,black shale,[mudstone,101,
2708,AHP,Alluvial Hardpan,alluvial hardpan,[alluvium,100,
2708,MGO,Gabbro,gabbro,[foid-gabbro,100,
2708,RLD,Residual Duricrust,residual duricrust,[duricrust],100,
2708,SHLE,Shale,shale,[mudstone,101,
2708,SSCH,Chlorite schist chloritic meta,chlorite schist ,[schist,100,
2708,CLA,Colluvial Undifferentiated Laterite,colluvial laterite,[laterite,100,
2708,MDO,Dolerite,dolerite,[dolerite,100,
2708,PLDZ,Pallid Zone,pallid zone,Other,61,
2708,RIP,Residual Robe pisolite,residual robe pisolite,[pisolite],100,
2708,WSC,Lacustrine Sand/Clay,lacustrine sand clay,[mud,101,
2708,RSR,Saprock,saprock,[saprock],100,
2708,SLCT,Silcrete,silcrete,[silcrete],100,
2708,XLP,Undifferentiated Non-residual Pisolites,non residual pisolites,Other,56,
2708,UV,Ultramifc volcanic,ultramifc volcanic,Other,71,
2708,XST,Undifferentiated Non-residual Silt,non residual silt,[mud,101,
2708,AST,Alluvial Silt,alluvial silt,[mud,101,
2708,RHY,Rhyolite,rhyolite,[alkali-feldspar-rhyolite],100,
2708,SSM,Metasediment,sediment,[hybrid-sediment],100,
2708,RSI,Residual Silcrete,residual silcrete,[silcrete],100,
2708,CHP,Colluvial Hardpan,colluvial hardpan,Other,56,
2708,MLVA,Mafic Lava,mafic lava,[mafic,100,
2708,MGBS,High Magnesium Basalt,high magnesium basalt,[basalt,100,
2708,SSL,Siltstone,siltstone,[mudstone,101,
2708,SW,Greywacke or wacke,greywacke or wacke,[sandstone,101,
2708,XGV,Undifferentiated Non-residual Gravel,non residual gravel,[gravel,100,
2708,XSA,Undifferentiated Non-residual Sand,non residual sand,[bioclastic,100,
2708,UKV,Peridotitic komatiite,peridotitic komatiite,[komatiite],100,
2708,SBS,Black Shale,black shale,[mudstone,101,
2708,WCY,Lacustrine Clay,lacustrine clay,[mud,101,
2708,PELT,Pelite,pelite,[mudstone,101,
2708,RLN,Residual Nodules,residual nodules,[nodules],100,
2708,MYL,Mylonite,mylonite,[mylonite,100,
2708,PIST,Pisolitic Ironstone,pisolitic ironstone,[ironstone,100,
2708,QZT,Quartzite,quartzite,[secondary-quartzite],100,
2708,XCY,Undifferentiated Non-residual Clay,non residual clay,[mud,101,
2708,CSO,Colluvial Soil,colluvial soil,[soil,100,
2708,UMFM,Metamorphosed Ultramafic, ultramafic,[coarse-grained-ultramafic-rock],100,
2708,SPRK,Saprock,saprock,[saprock],100,
2708,SIF,Banded Iron Formation,banded iron formation,Other,71,
2708,METB,Metabasalt,basalt,[basalt,100,
2708,CLCR,Calcrete,calcrete,[calcrete,100,
2708,APB,Alluvial Pebbles,alluvial pebbles,[gravel,101,
2708,XSO,Undifferentiated Non-residual Soil,non residual soil,[soil,100,
2708,XHP,Undifferentiated Non-residual Hardpan,non residual hardpan,Other,50,
2708,SQBM,Quartz biotite musocvite schist,quartz biotite musocvite schist,[vein,100,
2708,SQBM,Quartz biotite schist,quartz biotite schist,[vein,100,
2708,CGV,Colluvial Gravel,colluvial gravel,[gravel,100,
2708,ASO,Alluvial Soil,alluvial soil,[alluvium,100,
2708,SS,Sediment,sediment,[hybrid-sediment],100,
2708,AGA,Alluvial Gravel/Sand,alluvial gravel sand,[alluvium,100,
2708,ASI,Alluvial Silcrete,alluvial silcrete,[alluvium,100,
2708,GAB,Gabbro,gabbro,[foid-gabbro,100,
2708,KOMB,Komatiitic Basalt,komatiitic basalt,[basalt,100,
2708,METS,Metasediment,sediment,[hybrid-sediment],100,
2708,AIP,Alluvial Robe pisolite,alluvial robe pisolite,[alluvium,100,
2708,ASA,Alluvial Sand,alluvial sand,[alluvium,100,
2708,MMV,Actinolite schist,actinolite schist,[schist,100,
2708,RQZ,Residual Quartz,residual quartz,[vein,100,
2708,TCLS,Talc Chlorite Schist,talc chlorite schist,[talc-rock,100,
2708,CSC,Colluvial Sand/Clay,colluvial sand clay,[mud,101,
2708,SPLT,Saprolite,saprolite,[saprolite,100,
2708,AGV,Alluvial Gravel,alluvial gravel,[alluvium,100,
2708,BIF,Banded Iron Formation,banded iron formation,Other,71,
2708,GDI,Diorite,diorite,[foid-diorite,100,
2708,GNS,Gneiss,gneiss,[gneiss],100,
2708,DUR,Duricrust,duricrust,[duricrust],100,
2708,DLT,Dolerite,dolerite,[dolerite,100,
2708,RLP,Residual Pisolites,residual pisolites,Other,62,
2708,ASC,Alluvial Sand/Clay,alluvial sand clay,[mud,101,
2708,ALM,Alluvial Mottle Zone,alluvial mottle zone,[alluvium,100,
2708,CIR,Colluvial Ironstone,colluvial ironstone,[ironstone,100,
2708,CLY,Clay mud,clay  mud,[mud,100,
2708,GRT,Granite,granite,[alkali-feldspar-granite],100,
2708,SQMS,Quartz muscovite schist,quartz muscovite schist,[vein,100,
2708,XLA,Undifferentiated Non-residual Undifferentiated Laterite,non residual laterite,[laterite,100,
2708,CSA,Colluvial Sand,colluvial sand,[bioclastic,100,
2708,CLG,Colluvial Fe-rich lag,colluvial fe rich lag,[lag],100,
2708,HARD,Hardpan,hardpan,Other,57,
2708,SAN,Arenite Sandstone,arenite  sandstone,[sandstone,100,
2708,MV,Basalt,basalt,[basalt,100,
2708,MV,Mafic Volcanic,mafic volcanic,[mafic,100,
2708,RGO,Gossan,gossan,[gossan,100,
2708,XLN,Undifferentiated Non-residual Nodules,non residual nodules,[nodules],100,
2738,TWZ,SHEETWASH-SILICEOUS INCL CT CHY,sheetwash siliceous ,[alluvium,100,
2738,UMT,TALC-CHLORITE ULTRAMAFIC,talc chlorite ultramafic,[talc-rock,100,
2738,ZCS,CARBONATE STOCKWORK,carbonate stockwork,[vein,101,
2738,PSS,SERICITE / MUSCOVITE SCHIST,sericite   muscovite schist,[schist,100,
2738,PSH,AMPHIBOLE+/-CHLORITE DOMINANT SCHIST,amphibole+  chlorite dominant schist,[schist,100,
2738,ZZV,MINERALISED OR ALTERED SHEAR ZONE,mineralised or altered shear zone,Other,55,
2738,UMS,SERPENTINITE,serpentinite,[serpentinite],100,
2738,TXI,GLACIAL TILL DEPOSITS-IND HARDPANS,glacial till deposits ind ,[till,100,
2738,TAN,ALLUVIUM-RUNNING SANDS,alluvium running sands,[alluvium,100,
2738,TAM,ALLUVIUM-MOT INCL. MEGA-MOT,alluvium mot ,[alluvium,100,
2738,DNF,MASSIVE MAGNESITE,massive magnesite,Other,75,
2738,PSB,BIOTITE DOMINATED SCHIST,biotite dominated schist,[schist,100,
2738,DKN,NODULAR CALCRETE,nodular calcrete,[calcrete,100,
2738,DZF,MASSIVE SILCRETE,massive silcrete,[silcrete],100,
2738,GR,GRANITE,granite,[alkali-feldspar-granite],100,
2738,GREP,GRANITIC QUARTZ-FELDSPAR PORPHYRY,granitic quartz feldspar porphyry,[vein,100,
2738,MBMP,PORPHYRITIC BASALT - ov/pyx phenocrst dom,porphyritic basalt   ov pyx phenocrst dom,[basalt,100,
2738,NTP,TRANSPORTED SOIL-GYPSIFEROUS,transported soil gypsiferous,[colluvium,100,
2738,RUI,USAP-INDURATED,usap indurated,Other,53,
2738,SSW,GREYWACKE/TURBIDITE,greywacke turbidite,Other,62,
2738,TWO,SHEETWASH-UND,sheetwash und,[alluvium,100,
2738,ZCB,CARBONATE-CEMENTED BRECCIA,carbonate cemented breccia,[carbonate,100,
2738,DLC,LAMINATED LATERITE,laminated laterite,[laterite,100,
2738,FR,RHYOLITE,rhyolite,[alkali-feldspar-rhyolite],100,
2738,GRD,GRANODIORITE,granodiorite,[granodiorite],100,
2738,GRFP,GRANITIC FELDSPAR PORPHYRY,granitic feldspar porphyry,[porphyry],100,
2738,TAA,ALLUVIUM-MIXED PROVENANCE,alluvium mixed provenance,[alluvium,100,
2738,SSWM,MEDIUM-GRAINED GREYWACKE / TURBIDITE SANDSTONE,medium grained greywacke   turbidite sandstone,[sandstone,100,
2738,SSL,LITHIC SANDSTONE,lithic sandstone,[sandstone,100,
2738,PSG,GRAPHITIC SCHIST,graphitic schist,[schist,100,
2738,PS,SCHIST,schist,[schist,100,
2738,PSD,CHLORITE-SERICITE +/-QUARTZ SCHIST,chlorite sericite  schist,[schist,100,
2738,TEN,AEOLIAN DEPOSITS-RUNNING SANDS,aeolian deposits running sands,Other,65,
2738,DKF,MASSIVE CALCRETE,massive calcrete,[calcrete,100,
2738,FRQP,RHYOLITE QUARTZ PORPHYRY,rhyolite quartz porphyry,[rhyolite,100,
2738,SAS,SILTSTONE,siltstone,[mudstone,101,
2738,SSH,FINELY INTERBEDDED / LAMINATED SANDSTONE & ARGILLITE,finely interbedded   laminated sandstone   argillite,[mudstone,101,
2738,TAH,ALLUVIUM-LOAM,alluvium loam,[alluvium,100,
2738,TAQ,ALLUVIUM-Q-RICH,alluvium q rich,[alluvium,100,
2738,TCE,COLLUVIUM-MNS,colluvium mns,[colluvium,100,
2738,TWK,SHEETWASH-CALCAREOUS,sheetwash calcareous,[alluvium,100,
2738,TXN,GLACIAL TILL DEPOSITS-RUNNING SANDS,glacial till deposits running sands,[till,100,
2738,ZBH,BRECCIA ZONE - hydrothermalmineralised,breccia zone   hydrothermal mineralised,[breccia],100,
2738,MD,DOLERITE,dolerite,[dolerite,100,
2738,DKC,LAMINATED CALCRETE,laminated calcrete,[calcrete,100,
2738,ABA,SILICA-BIOTITE-ALBITE ALTN,silica biotite albite altn,Other,62,
2738,UMR,AMPHIBOLE-CHLORITE ULTRAMAFIC,amphibole chlorite ultramafic,Other,80,
2738,PSA,PELITIC SCHIST,pelitic schist,[schist,100,
2738,NTH,TRANSPORTED SOIL-LOAM,transported soil loam,[colluvium,100,
2738,MGG,MAGNETIC GABBRO,magnetic gabbro,[gabbro,100,
2738,SVA,VOLCANIC / TUFFACEOUS ARGILLITE,volcanic   tuffaceous argillite,[mudstone,101,
2738,RUHH,USAP-KAO STRONGLY HM,usap kao strongly hm,Other,47,
2738,NRQ,RESIDUAL SOIL-Q-RICH,residual soil q rich,[soil,100,
2738,FTDB,DACITE BRECCIA / AGGLOMERATE,dacite breccia   agglomerate,[breccia],100,
2738,DZN,NODULAR SILCRETE,nodular silcrete,[silcrete],100,
2738,F,FELSIC VOLCANIC,felsic volcanic,[felsic,100,
2738,GOOP,PORPHYRITIC GRANITOID INTRUSIVE,porphyritic granitoid intrusive,[granitoid,100,
2738,IAB,BASALTIC ANDESITE,basaltic andesite,[andesite,100,
2738,NTO,TRANSPORTED SOIL-UND,transported soil und,[colluvium,100,
2738,SCIS,SILICATE FACIES IRON FORMATION,silicate facies iron formation,Other,80,
2738,SSQ,QUARTZITE,quartzite,[secondary-quartzite],100,
2738,TAY,ALLUVIUM-CLAY-RICH,alluvium clay rich,[alluvium,100,
2738,TCA,COLLUVIUM-MXD PROVENANCE,colluvium mxd provenance,[colluvium,100,
2738,TWG,SHEETWASH-GOE.,sheetwash goe ,[alluvium,100,
2738,TWH,SHEETWASH-LOAM,sheetwash loam,[alluvium,100,
2738,TWL,SHEETWASH-PROXIMAL LATERITIC DETRITUS,sheetwash proximal lateritic detritus,[alluvium,100,
2738,ZB,BRECCIA ZONE - unsubdividedmineralised,breccia zone   unsubdivided mineralised,[breccia],100,
2738,PDB,FAULT GAUGE FAULT BRECCIA,fault gauge  fault breccia,[fault,100,
2738,SS,SANDSTONE / ARENITE - gsize>.05mm <2mm,sandstone   arenite   gsize 05mm  2mm,[sandstone,100,
2738,SV,VOLCANICLASTIC / EPICLASTIC,volcaniclastic   epiclastic,[volcaniclastic-mud],88,
2738,TAG,ALLUVIUM-GOE.,alluvium goe ,[alluvium,100,
2738,TAL,ALLUVIUM-PROXIMAL LATERITIC DETRITUS,alluvium proximal lateritic detritus,[alluvium,100,
2738,TAR,ALLUVIUM-CB//ORGANIC INCL. LIGNITE,alluvium cb  organic ,[alluvium,100,
2738,TCW,COLLUVIUM-SME-RICH GILGAI,colluvium sme rich gilgai,[colluvium,100,
2738,TXJ,GLACIAL TILL DEPOSITS-LITHIC DETRITUS,glacial till deposits lithic detritus,[till,100,
2738,TXH,GLACIAL TILL DEPOSITS-LOAM SAND-CLAY MIXTURE,glacial till deposits loam ,[till,100,
2738,TWV,SHEETWASH-DISTAL LATERITIC DETRITUS,sheetwash distal lateritic detritus,[alluvium,100,
2738,TCN,COLLUVIUM-RUNNING SANDS,colluvium running sands,[colluvium,100,
2738,FD,DACITE,dacite,[dacite],100,
2738,TCJ,COLLUVIUM-LITHIC DETRITUS,colluvium lithic detritus,[colluvium,100,
2738,TCI,COLLUVIUM-IND HARDPANS,colluvium ind ,[colluvium,100,
2738,RUKI,USAP-KAO-Q INDURATED,usap kao q indurated,Other,47,
2738,RLM,LSAP-IGNEOUS MAFIC PRECURSOR,lsap igneous mafic precursor,[mafic,100,
2738,DLW,FRAGMENTAL LATERITE,fragmental laterite,[laterite,100,
2738,TEQ,AEOLIAN DEPOSITS-Q-RICH INCL. VEIN Q DETRITUS,aeolian deposits q rich ,Other,77,
2738,TJI,ORGANIC DEPOSITS-IND HARDPANS,organic deposits ind ,Other,59,
2738,ABS,BIOTITE-SERICITE ALTN,biotite sericite altn,Other,62,
2738,FDEP,DACITE QUARTZ FELDSPAR PORPHYRY,dacite quartz feldspar porphyry,[vein,100,
2738,SCC,CARBONATE ROCK,carbonate rock,[carbonate,100,
2738,SCT,CHERT,chert,[opaline-chert],100,
2738,SSPC,COARSE GRAINED MICACEOUS SANDSTONE,coarse grained micaceous sandstone,[sandstone,100,
2738,TAV,ALLUVIUM-DISTAL LATERITIC DETRITUS,alluvium distal lateritic detritus,[alluvium,100,
2738,TAW,ALLUVIUM-SME-RICH GILGAI,alluvium sme rich gilgai,[alluvium,100,
2738,TMT,MARINE DEPOSITS-DOLOMITE/MAGNESITE,marine deposits dolomite magnesite,[dolostone,100,
2738,DLO,LATERITE-UND,laterite und,[laterite,100,
2738,RLG,LSAP-KAOLING-GOETHITE,lsap kaoling goethite,Other,80,
2738,PDYU,ULTRAMYLONITE,ultramylonite,[mylonite,101,
2738,MDQ,QUARTZ DOLERITE,quartz dolerite,[vein,100,
2738,MBT,THOLEIITIC BASALT,tholeiitic basalt,[basalt,100,
2738,IP,PHONOLITIC VOLCANIC,phonolitic volcanic,Other,80,
2738,FTDL,DACITE LITHIC CRYSTAL TUFF,dacite lithic crystal tuff,[dacite],100,
2738,DZO,SILCRETE-UND,silcrete und,[silcrete],100,
2738,DLN,NODULAR LATERITE,nodular laterite,[laterite,100,
2738,TPP,PLAYA DEPOSITS-GYPSIFEROUS,playa deposits gypsiferous,Other,57,
2738,TWN,SHEETWASH-RUNNING SANDS,sheetwash running sands,[alluvium,100,
2738,TXY,GLACIAL TILL DEPOSITS-CLAY-RICH KAO,glacial till deposits clay rich ,[till,100,
2738,ZQS,QUARTZ STOCKWORK,quartz stockwork,[vein,101,
2738,ZCV,MASSIVE CARBONATE VEINING,massive carbonate veining,[carbonate,100,
2738,TWI,SHEETWASH-IND HARDPANS,sheetwash ind ,[alluvium,100,
2738,TPA,PLAYA DEPOSITS-MXD PROVENANCE,playa deposits mxd provenance,Other,50,
2738,TAO,ALLUVIUM-UND,alluvium und,[alluvium,100,
2738,AHM,HAEMATITIC ALTN,haematitic altn,Other,67,
2738,ASI,SILICIC ALTN,silicic altn,Other,64,
2738,FTOX,UNCLASSIFIED CRYSTAL TUFF,crystal tuff,[tuff],100,
2738,GA,MICROGRANITE felsite or aplite,microgranite ,Other,75,
2738,MPD,POST-DEF MAFIC INTRUSIVE eg. Prot dolerite,post def mafic intrusive ,[mafic,100,
2738,RUHG,USAP-KAO-HM GOE,usap kao hm goe,Other,50,
2738,SRC,ROUNDED CLASTS - CONGLOMERATE,rounded clasts   conglomerate,[conglomerate,100,
2738,TAZ,ALLUVIUM-SILICEOUS INCL CT CHY,alluvium siliceous ,[alluvium,100,
2738,TCV,COLLUVIUM-DISTAL LATERITIC DETRITUS,colluvium distal lateritic detritus,[colluvium,100,
2738,IA,ANDESITIC VOLCANIC,andesitic volcanic,[andesite,94,
2738,ITLA,LATITE ASH / LAPILLI TUFF,latite ash   lapilli tuff,[latite],100,
2738,MDF,FELDSPATHIC DOLERITE / MICRODOLERITE,feldspathic dolerite   microdolerite,[dolerite,100,
2738,ITAL,ANDESITIC LITHIC CRYSTAL TUFF,andesitic lithic crystal tuff,[tuff],100,
2738,GRA,ALKALI FELDSPAR GRANITE,alkali feldspar granite,[alkali-feldspar-granite],100,
2738,FT,FELSIC TUFF,felsic tuff,[tuff],100,
2738,TMY,MARINE DEPOSITS-CLAY-RICH KAO,marine deposits clay rich ,[mud,100,
2738,TWA,SHEETWASH-MXD PROVENANCE,sheetwash mxd provenance,[alluvium,100,
2738,PNM,MAFIC GNEISS,mafic gneiss,[gneiss],100,
2738,PDC,CATACLASTITE,cataclastite,[cataclasite,96,
2738,NRO,RESIDUAL SOIL-UND,residual soil und,[soil,100,
2738,ZSD,STRINGER OR DISSEMINATED SULPHIDES,stringer or disseminated sulphides,Other,52,
2738,UXS,SPINIFEX TEXTURED PYROXENITE,spinifex textured pyroxenite,[pyroxenite,100,
2738,UPS,SPINIFEX TEXTURED PERIDOTITE,spinifex textured peridotite,[peridotite,100,
2738,UPOI,INTRUSIVE PERIDOTITE,intrusive peridotite,[peridotite,100,
2738,ABT,BIOTITE ALTN,biotite altn,Other,67,
2738,DFN,NODULAR FERRICRETE,nodular ferricrete,[ferricrete],100,
2738,FTOA,UNCLASSIFIED ASH / LAPILLI TUFF,ash   lapilli tuff,[ash],100,
2738,ITAA,ANDESITIC ASH / LAPILLI TUFF,andesitic ash   lapilli tuff,[ash],100,
2738,MBTH,THOLEIITIC PILLOWED FLOW / HYALOCLASTITE,tholeiitic pillowed flow   hyaloclastite,[hyaloclastite],100,
2738,NTL,TRANSPORTED SOIL-LATERITIC,transported soil lateritic,[colluvium,100,
2738,RLI,LSAP-INT. VOLC. OR TUFF PRECURSOR,lsap int  volc  or tuff precursor,[tuff],100,
2738,SVS,VOLCANIC CRYSTAL / LITHIC SANDSTONE,volcanic crystal   lithic sandstone,[sandstone,100,
2738,UMC,CHLORITE DOMINANT ULTRAMAFIC,chlorite dominant ultramafic,Other,80,
2738,FDQP,DACITE QUARTZ PORPHYRY,dacite quartz porphyry,[vein,100,
2738,TCH,COLLUVIUM-LOAM SAND-CLAY MIXTURE,colluvium loam ,[colluvium,100,
2738,SSP,MICACEOUS SANDSTONE,micaceous sandstone,[sandstone,100,
2738,SAL,LITHIC ARGILLITE,lithic argillite,[mudstone,101,
2738,RUHI,USAP-KAO-HM INDURATED,usap kao hm indurated,Other,47,
2738,RLQ,LSAP-VEIN Q,lsap vein q,[vein,100,
2738,RLO,LSAP-UND,lsap und,Other,67,
2738,RLF,LSAP-FELSIC VOLCANIC PRECURSOR,lsap felsic volcanic precursor,[felsic,100,
2738,NRJ,RESIDUAL SOIL-LITHIC DETRITUS,residual soil lithic detritus,[soil,100,
2738,MDQG,GRANOPHYRIC DOLERITE,granophyric dolerite,[dolerite,100,
2738,MDG,MAGNETIC DOLERITE,magnetic dolerite,[dolerite,100,
2738,MBFP,PORPHYRITIC BASALT - plag phenocryst dom,porphyritic basalt   plag phenocryst dom,[basalt,100,
2738,I,INTERMEDIATE VOLCANIC,intermediate volcanic,[intermediate,100,
2738,DFF,MASSIVE FERRICRETE,massive ferricrete,[ferricrete],100,
2738,ASB,SILICA-BIOTITE-ASPY/PYRR ALTN,silica biotite aspy pyrr altn,Other,54,
2738,FTOL,FELSIC LITHIC CRYSTAL TUFF,felsic lithic crystal tuff,[tuff],100,
2738,GFS,FOID-RICH SYENITE / FOID MONZOSYENITE,foid rich syenite   foid monzosyenite,[foid-syenite,100,
2738,RLU,LSAP-ULTRAMAFIC PRECURSOR,lsap ultramafic precursor,Other,80,
2738,SCI,IRON FORMATION,iron formation,Other,69,
2738,SSWF,FINE-GRAINED GREYWACKE / TURBIDITIC SANDSTONE,fine grained greywacke   turbiditic sandstone,[sandstone,100,
2738,TAT,ALLUVIUM-DOLOMITE/MAGNESITE,alluvium dolomite magnesite,[alluvium,100,
2738,TCG,COLLUVIUM-GOE.,colluvium goe ,[colluvium,100,
2738,TCY,COLLUVIUM-CLAY-RICH KAO,colluvium clay rich ,[colluvium,100,
2738,TEI,AEOLIAN DEPOSITS-IND HARDPANS,aeolian deposits ind ,[aeolian_deposit,83,
2738,TWM,SHEETWASH-MOT INCL. MEGA-MOT,sheetwash mot ,[alluvium,100,
2738,TWY,SHEETWASH-CLAY-RICH KAO,sheetwash clay rich ,[alluvium,100,
2738,TXD,GLACIAL TILL DEPOSITS-RED. CLAYS OR SILT,glacial till deposits red  clays or silt,[mud,101,
2738,UX,PYROXENITE,pyroxenite,[hornblendite,100,
2738,ASS,SILICA-SERICITE ALTN,silica sericite altn,Other,67,
2738,FRFP,RHYOLITE FELDSPAR PORPHYRY,rhyolite feldspar porphyry,[rhyolite,100,
2738,GSA,ALKALIE FELDSPAR +/-QUARTZ SYENITE,alkalie feldspar +  quartz syenite,[vein,100,
2738,ZQB,QUARTZ-CEMENTED BRECCIA,quartz cemented breccia,[breccia],100,
2738,UK,KOMATIITE,komatiite,[komatiite],100,
2738,UH,HORNBLENDITE,hornblendite,[hornblendite,100,
2738,IAOP,ANDESITIC PORPHYRY,andesitic porphyry,[porphyry],100,
2738,SRCU,ROUNDED CLASTS / MONOMICT CONGLOMERATE,rounded clasts   monomict conglomerate,[conglomerate,100,
2738,SSOC,COARSE-GRAINED SANDSTONE,coarse grained sandstone,[sandstone,100,
2738,NRK,RESIDUAL SOIL-CALCAREOUS,residual soil calcareous,[soil,100,
2738,G,GRANITOID,granitoid,[granitoid,100,
2738,DYF,MASSIVE GYPCRETE,massive gypcrete,[calcrete,100,
2738,TXO,GLACIAL DEPOSITS-UND,glacial deposits und,Other,58,
2738,TCQ,COLLUVIUM-Q-RICH INCL. VEIN Q DETRITUS,colluvium q rich ,[colluvium,100,
2738,GRQP,GRANITIC QUARTZ PORPHYRY,granitic quartz porphyry,[vein,100,
2738,GRT,TONALITE,tonalite,[tonalite],100,
2738,GSQ,QUARTZ SYENITE,quartz syenite,[vein,100,
2738,MTOL,BASALTIC / MAFIC TUFF - lithic,basaltic   mafic tuff   lithic,[tuff],100,
2738,MTOX,BASALTIC / MAFIC TUFF - crystal,basaltic   mafic tuff   crystal,[tuff],100,
2738,NS,NOT SAMPLED,not sampled,Other,80,
2738,PNA,MAFIC AMPHIBOLITE,mafic amphibolite,[amphibolite],100,
2738,SSPF,FINE-GRAINED MICACEOUS SANDSTONE,fine grained micaceous sandstone,[sandstone,100,
2738,ZSM,MASSIVE SULPHIDES,massive sulphides,[massive_sulphide,91,
2738,ZSS,SEMI-MASSIVE SULPHIDES,semi massive sulphides,Other,79,
2738,TWE,SHEETWASH-MNS,sheetwash mns,[alluvium,100,
2738,SSOM,MEDIUM-GRAINED SANDSTONE,medium grained sandstone,[sandstone,100,
2738,RUCI,USAP-CHY INDURATED OR MAS BEARING INDURATED,usap chy indurated or mas bearing indurated,Other,56,
2738,RLR,LSAP-METAMORPHIC PRECURSOR,lsap morphic precursor,Other,53,
2738,PPS,MICACEOUS PHYLLITE,micaceous phyllite,[phyllite],100,
2738,PNP,PELITIC GNEISS / AMPHIBOLITE,pelitic gneiss   amphibolite,[gneiss],100,
2738,PHP,PELITIC HORNFELS,pelitic hornfels,[hornfels],100,
2738,MT,BASALTIC / MAFIC TUFF,basaltic   mafic tuff,[tuff],100,
2738,DLF,MASSIVE LATERITE,massive laterite,[laterite,100,
2738,IT,INTERMEDIATE TUFF,intermediate tuff,[tuff],100,
2738,MTOB,BASALTIC BRECCIA / COARSE PYROCLASTIC,basaltic breccia   coarse pyroclastic,[breccia],100,
2738,PDS,INTENSE BRITTLE-DUCTILE SHEAR ZONE,intense brittle ductile shear zone,Other,51,
2738,TAI,ALLUVIUM-IND HARDPANS,alluvium ind ,[alluvium,100,
2738,TCL,COLLUVIUM-PROXIMAL LATERITIC DETRITUS,colluvium proximal lateritic detritus,[colluvium,100,
2738,TEO,AEOLIAN DEPOSITS-UND,aeolian deposits und,[aeolian_deposit,83,
2738,THE,ASH PLAIN DEPOSITS-MANGANIFEROUS,ash plain deposits manganiferous,[plain],100,
2738,UXO,ORTHOCUMULATE PYROXENITE,orthocumulate pyroxenite,[pyroxenite,100,
2738,ZQV,MASSIVE QUARTZ VEIN,massive quartz vein,[vein,100,
2738,UL,LAMPROPHYRE,lamprophyre,[lamprophyre,100,
2738,MB,BASALT,basalt,[basalt,100,
2738,GID,DIORITE,diorite,[foid-diorite,100,
2738,GI,INTERMEDIATE DYKE,intermediate dyke,[intermediate,100,
2738,DLP,PISOLITHIC LATERITE,pisolithic laterite,[laterite,100,
2738,DFC,LAMINATED FERRICRETE,laminated ferricrete,[ferricrete],100,
2738,COLO,CORE LOSS,core loss,Other,60,
2738,TJW,ORGANIC DEPOSITS-SME-RICH GILGAI,organic deposits sme rich gilgai,[organic-rich-rock],83,
2738,SSAC,COARSE-GRAINED FELDSPATHIC SANDSTONE,coarse grained feldspathic sandstone,[sandstone,100,
2738,RUYI,USAP-KAO INDURATED,usap kao indurated,Other,49,
2738,RUD,USAP-RED. CLAY DOMINANT,usap red  clay dominant,[mud,100,
2738,RLA,LSAP-ACID TO INT. PLUT.PRECURSOR,lsap acid to int  plut precursor,[felsic,100,
2738,MBTC,COARSE-GRAINED THOLEIITIC BASALT,coarse grained tholeiitic basalt,[basalt,100,
2738,MBK,KOMATIITIC OR HIGH Mg BASALT,komatiitic or high mg basalt,[basalt,100,
2738,GRQ,QUARTZ-RICH GRANITIC ROCK,quartz rich granitic rock,[quartz-rich-coarse-grained-crystalline-rock,100,
2738,GAP,PEGMATITE,pegmatite,[pegmatite],100,
2738,FOQP,UNCLASSIFIED QUARTZ PORPHYRY,quartz porphyry,[vein,100,
2738,ASE,SERICITIC ALTN,sericitic altn,Other,64,
2738,MBKC,COARSE-GRAINED HIGH Mg BASALT,coarse grained high mg basalt,[basalt,100,
2738,MDM,MELANOCRATIC DOLERITE,melanocratic dolerite,[dolerite,100,
2738,NRP,RESIDUAL SOIL-GYPSIFEROUS,residual soil gypsiferous,[soil,100,
2738,RUGG,USAP-KAO STRONGLY GOE,usap kao strongly goe,Other,47,
2738,S,UNDIFFERENTIATED SEDIMENTARY ROCK,sedimentary rock,[hybrid-sedimentary-rock],100,
2738,SSG,GRAPHITIC / CARBONACEOUS SANDSTONE,graphitic   carbonaceous sandstone,[sandstone,100,
2738,SSPM,MEDIUM-GRAINED MICACEOUS SANDSTONE,medium grained micaceous sandstone,[sandstone,100,
2738,TAK,ALLUVIUM-CALCAREOUS,alluvium calcareous,[alluvium,100,
2738,DKO,CALCRETE-UND,calcrete und,[calcrete,100,
2738,RUZ,USAP-PROBABLE SHEAR ZONE,usap probable shear zone,Other,55,
2738,SA,ARGILLITE gsize<0.05mm,argillite  gsize 0 05mm,[mudstone,100,
2738,SRS,INTERBEDDED CONGLOMERATE & SANDSTONE OR ARGILLITE,interbedded conglomerate   sandstone or argillite,[mudstone,101,
2738,TPR,PLAYA DEPOSITS-CB//ORGANIC INCL. LIGNITE,playa deposits cb  organic ,Other,58,
2738,TEV,AEOLIAN DEPOSITS-DISTAL LATERITIC DETRITUS,aeolian deposits distal lateritic detritus,Other,52,
2738,TCK,COLLUVIUM-CALCAREOUS,colluvium calcareous,[colluvium,100,
2738,SAG,GRAPHITIC / CARBONACEOUS ARGILLITE,graphitic   carbonaceous argillite,[mudstone,101,
2738,RUT,USAP-TALC-BEARING,usap talc bearing,[talc-rock,100,
2738,RUQH,USAP-VEIN Q HM,usap vein q hm,[vein,100,
2738,ZSB,SULPHIDE BRECCIA,sulphide breccia,[breccia],100,
2738,ZGS,SEMI-MASSIVE GOSSAN,semi massive gossan,[gossan,100,
2738,TXE,GLACIAL TILL DEPOSITS-MNS,glacial till deposits mns,[till,100,
2738,TXA,GLACIAL TILL DEPOSITS-MXD PROVENANCE,glacial till deposits mxd provenance,[till,100,
2738,TPN,PLAYA DEPOSITS-RUNNING SANDS,playa deposits running sands,Other,50,
2738,TJR,ORGANIC DEPOSITS-CB//ORGANIC INCL. LIGNITE,organic deposits cb  organic ,Other,65,
2738,TED,AEOLIAN DEPOSITS-RED. CLAYS OR SILT,aeolian deposits red  clays or silt,[mud,101,
2738,TCZ,COLLUVIUM-SILICEOUS INCL CT CHY,colluvium siliceous ,[colluvium,100,
2738,SRBU,ANGULAR CLASTS / MONOMICT BRECCIA,angular clasts   monomict breccia,[breccia],100,
2738,AAB,ALBITIC ALTN,albitic altn,Other,58,
2738,TWQ,SHEETWASH-Q-RICH,sheetwash q rich,[alluvium,100,
2738,UDA,ADCUMULATE DUNITE,adcumulate dunite,[peridotite,101,
2738,UPO,ORTHOCUMULATE PERIDOTITE,orthocumulate peridotite,[peridotite,100,
2738,TWD,SHEETWASH-RED. CLAY OR SILT,sheetwash red  clay or silt,[mud,101,
2738,TCP,COLLUVIUM-GYPSIFEROUS,colluvium gypsiferous,[colluvium,100,
2738,SSOF,FINE-GRAINED SANDSTONE,fine grained sandstone,[sandstone,100,
2738,SSAM,MEDIUM-GRAINED ARKOSE AND FELDSPATHIC SANDSTONE,medium grained arkose and feldspathic sandstone,[sandstone,100,
2738,AQP,QUARTZ-PYRITE ALTN,quartz pyrite altn,[vein,100,
2738,DZW,FRAGMENTAL SILCRETE,fragmental silcrete,[silcrete],100,
2738,GIM,MONZODIORITE,monzodiorite,[foid-monzodiorite,100,
2738,GSFP,SYENITIC FELDSPAR PORPHYRY,syenitic feldspar porphyry,[porphyry],100,
2738,PNF,FELSIC OR GRANITIC GNEISS,felsic or granitic gneiss,[gneiss],100,
2738,RUC,USAP-CHY OR MAS-BEARING,usap chy or mas bearing,Other,57,
2738,RUQ,USAP-VEIN Q DOMINANT,usap vein q dominant,[vein,100,
2738,RUQG,USAP VEIN Q GOE,usap vein q goe,[vein,100,
2738,SSLB,PEBBLY SANDSTONE,pebbly sandstone,[sandstone,100,
2738,SSWC,COARSE-GRAINED GREYWACKE / TURBIDITE SANDSTONE,coarse grained greywacke   turbidite sandstone,[sandstone,100,
2738,TAD,ALLUVIUM-RED. CLAYS OR SILT,alluvium red  clays or silt,[mud,101,
2738,TCO,COLLUVIUM-UND,colluvium und,[colluvium,100,
2738,UD,DUNITE,dunite,[peridotite,101,
2738,RUG,USAP-KAO-GOE DOMINANT,usap kao goe dominant,Other,53,
2738,RLZ,LSAP-SHEAR ZONE,lsap shear zone,Other,72,
2738,PSU,ULTRAMAFIC SCHIST,ultramafic schist,[schist,100,
2738,PDY,MYLONITE,mylonite,[mylonite,100,
2738,NTQ,TRANSPORTED SOIL-Q-RICH,transported soil q rich,[colluvium,100,
2738,RUS,USAP-MN OR FE-MN RICH CLAY HORIZON,usap mn or fe mn rich clay horizon,[mud,100,
2738,IRAP,TRACHYTE PORPHYRY - biot or amp phenos,trachyte porphyry   biot or amp phenos,[trachyte],100,
2738,IAY,ANDESITIC HYALOCLASTITE / PILLOW FLOW,andesitic hyaloclastite   pillow flow,[hyaloclastite],100,
2738,FDAP,DACITE AMP/BIOT-FELDSPAR+/-QUARTZ PORPHYRY,dacite amp biot feldspar+  quartz porphyry,[vein,100,
2738,DNO,MAGNESITE-UND,magnesite und,[magnesite-stone,82,
2738,ACA,CARBONATE ALTN,carbonate altn,[carbonate,100,
2738,SSAF,FINE-GRAINED FELDSPATHIC SANDSTONE,fine grained feldspathic sandstone,[sandstone,100,
2738,UP,PERIDOTITE,peridotite,[peridotite,100,
2738,TPY,PLAYA DEPOSITS-CLAY-RICH KAO,playa deposits clay rich ,[mud,100,
2738,TEA,AEOLIAN DEPOSITS-MXD PROVENANCE,aeolian deposits mxd provenance,Other,64,
2738,SSLM,MEDIUM-GRAINED LITHIC SANDSTONE,medium grained lithic sandstone,[sandstone,100,
2738,SAP,MICACEOUS SHALE / MUDSTONE,micaceous shale   mudstone,[mudstone,100,
2738,PSM,MAFIC SCHIST,mafic schist,[schist,100,
2738,PSF,FELSIC SCHIST Qz Fd +/-mica +/-amph,felsic schist ,[schist,100,
2738,PHZ,CALC-SILICATE HORNFELS,calc silicate hornfels,[hornfels],100,
2738,FDFP,DACITE FELDSPAR PORPHYRY,dacite feldspar porphyry,[dacite],100,
2738,FOEP,UNCLASSIFIED QUARTZ FELDSPAR PORPHYRY,quartz feldspar porphyry,[vein,100,
2738,FREP,RHYOLITE QUARTZ-FELDSPAR PORPHYRY,rhyolite quartz feldspar porphyry,[rhyolite,100,
2738,IAFP,ANDESITIC PORPHYRY - feldspar dom phenos,andesitic porphyry   feldspar dom phenos,[porphyry],100,
2738,NTV,TRANSPORTED SOIL-IRONSTONE,transported soil ironstone,[ironstone,100,
2738,SSLF,FINE-GRAINED LITHIC SANDSTONE,fine grained lithic sandstone,[sandstone,100,
2738,TCM,COLLUVIUM-MOT INCL. MEGA-MOT,colluvium mot ,[colluvium,100,
2738,TEJ,AEOLIAN DEPOSITS-LITHIC DETRITUS,aeolian deposits lithic detritus,Other,67,
2738,TWP,SHEETWASH-GYPSIFEROUS,sheetwash gypsiferous,[alluvium,100,
2738,ACH,CHLORITIC ALTN,chloritic altn,Other,62,
2738,FTDX,DACITE CRYSTAL TUFF / QUARTZ-EYE TUFF,dacite crystal tuff   quartz eye tuff,[vein,100,
2738,GIEP,DIORITIC QUARTZ-FELDSPAR PORPHYRY,dioritic quartz feldspar porphyry,[vein,100,
2738,IAAP,ANDESITIC PORPHYRY - biot or amp phenos,andesitic porphyry   biot or amp phenos,[porphyry],100,
2738,RLS,LSAP-SEDIMENTARY PRECURSOR,lsap sedimentary precursor,Other,65,
2738,SRCK,ROUNDED CLASTS - pebble to cobble-size dom,rounded clasts   pebble to cobble size dom,Other,48,
2738,ZLC,CHLORITE STRINGER ZONE,chlorite stringer zone,Other,65,
2738,ACC,CHLORITE-CARB/BIOT/PYRR ALTN,chlorite carb biot pyrr altn,Other,55,
2738,FTDA,DACITE ASH / LAPILLI / VITRIC TUFF,dacite ash   lapilli   vitric tuff,[dacite],100,
2738,GSM,MONZONITE,monzonite,[foid-bearing-monzonite,100,
2738,NRH,RESIDUAL SOIL-LOAM,residual soil loam,[soil,100,
2738,NTI,TRANSPORTED SOIL-INDURATED,transported soil indurated,[colluvium,100,
2738,PDYP,PROTOMYLONITE,protomylonite,[mylonite,101,
2738,RUE,USAP-MSV OR MN-FE-RICH IRONSTONE,usap msv or mn fe rich ironstone,[ironstone,100,
2738,RUH,USAP-KAO-HM DOMINANT,usap kao hm dominant,Other,50,
2738,RUK,USAP-KAO-Q DOMINANT,usap kao q dominant,Other,50,
2738,RUM,USAP-MOT KAO-RICH,usap mot kao rich,Other,48,
2738,SCD,DOLOSTONE / DOLOMITIC LIMESTONE,dolostone   dolomitic limestone,[dolostone,100,
2738,SSA,ARKOSE & FELDSPATHIC SANDSTONE,arkose   feldspathic sandstone,[sandstone,100,
2738,TCD,COLLUVIUM-RED. CLAYS OR SILT,colluvium red  clays or silt,[mud,101,
2738,TWJ,SHEETWASH-LITHIC DETRITUS,sheetwash lithic detritus,[alluvium,100,
2738,TWT,SHEETWASH-DOLOMITE/MAGNESITE,sheetwash dolomite magnesite,[alluvium,100,
2738,MG,GABBRO,gabbro,[foid-gabbro,100,
2738,M,MAFIC ROCK - UNDIFF,mafic rock   ,[rock],100,
2738,U,ULTRAMAFIC ROCK,ultramafic rock,[rock],100,
2738,SAY,FINELY LAMINATED / GRADED ARGILLITE +/-SAND,finely laminated   graded argillite +  sand,[bioclastic,100,
2738,SAF,MUDSTONE SHALE & SLATE,mudstone  shale   slate,[mudstone,100,
2738,RUKG,USAP-KAO-Q GOE,usap kao q goe,Other,52,
2738,PSC,CHLORITE DOMINANT SCHIST,chlorite dominant schist,[schist,100,
2738,UMB,TALC-CARBONATE ULTRAMAFIC,talc carbonate ultramafic,[carbonate,100,
2738,TPD,PLAYA DEPOSITS-RED. CLAYS OR SILT,playa deposits red  clays or silt,[mud,101,
2738,TJY,ORGANIC DEPOSITS-CLAY-RICH KAO,organic deposits clay rich ,[mud,100,
2738,TAJ,ALLUVIUM-LITHIC DETRITUS,alluvium lithic detritus,[alluvium,100,
2738,SSY,FINELY BEDDED / GRADED SANDSTONE,finely bedded   graded sandstone,[sandstone,100,
2738,SRCW,ROUNDED CLASTS / POLYMICT CONGLOMERATE,rounded clasts   polymict conglomerate,[conglomerate,100,
2738,SCS,VFG SILICEOUS SEDIMENT radiolarite/diatomite etc,vfg siliceous sediment ,[sediment],100,
2738,FOFP,UNCLASSIFIED FELDSPAR PORPHYRY,feldspar porphyry,[porphyry],100,
2738,DZX,BRECCIATED SILCRETE,brecciated silcrete,[silcrete],100,
2738,DZP,PISOLITHIC SILCRETE,pisolithic silcrete,[silcrete],100,
2738,DZC,LAMINATED SILCRETE,laminated silcrete,[silcrete],100,
2738,DKP,PISOLITHIC CALCRETE,pisolithic calcrete,[calcrete,100,
2738,DFO,FERRICRETE-UND,ferricrete und,[ferricrete],100,
2738,RUGH,USAP-KAO-GOE HM,usap kao goe hm,Other,50,
2738,DFP,PISOLITHIC FERRICRETE,pisolithic ferricrete,[ferricrete],100,
2738,ACG,CHLORITE-GARNET ALTN,chlorite garnet altn,Other,60,
2738,DFW,FRAGMENTAL FERRICRETE,fragmental ferricrete,[ferricrete],100,
2738,MGF,FELDSPATHIC GABBROIC ROCK,feldspathic gabbroic rock,[gabbroid,100,
2738,NSR,NO SAMPLE RECOVERED,no sample recovered,Other,57,
2738,NTY,TRANSPORTED SOIL-CLAY-RICH,transported soil clay rich,[colluvium,100,
2738,PB,BRECCIA ZONE - unsubdivided barren,breccia zone   unsubdivided  barren,[breccia],100,
2738,RLV,LSAP-MAFIC VOLCANIC PRECURSOR,lsap mafic volcanic precursor,[mafic,100,
2738,RUGI,USAP-KAO-GOE INDURATED,usap kao goe indurated,Other,53,
2738,RUKH,USAP-KAO-Q HM,usap kao q hm,Other,46,
2738,RUY,USAP-KAO DOMINANT,usap kao dominant,Other,53,
2738,TAE,ALLUVIUM-MNS,alluvium mns,[alluvium,100,
2738,TXG,GLACIAL TILL DEPOSITS-GOE.,glacial till deposits goe ,[till,100,
2738,RUO,USAP-UND,usap und,Other,53,
2738,PQU,ORTHOQUARTZITE,orthoquartzite,Other,78,
2738,PPG,GRAPHITIC PHYLLITE,graphitic phyllite,[phyllite],100,
2738,NL,NOT LOGGED,not logged,Other,60,
2738,GF,FELDSPATHOID-RICH INTRUSIVE,feldspathoid rich intrusive,Other,65,
2738,FTRX,RHYOLITE CRYSTAL TUFF / QUARTZ-EYE TUFF,rhyolite crystal tuff   quartz eye tuff,[rhyolite,100,
2738,DKW,FRAGMENTAL CALCRETE,fragmental calcrete,[calcrete,100,
2738,AEP,EPIDOTE ALTN,epidote altn,Other,64,
2746,UV,Ultramafic Volcanic Undivided,ultramafic volcanic undivided,Other,80,
2746,U,Ultramafic,ultramafic,[coarse-grained-ultramafic-rock],100,
2746,Mg,gabbro,gabbro,[foid-gabbro,100,
2746,Qa,quaternary alluvium,quaternary alluvium,[alluvium,100,
2746,MVM,Mafic Volcanic High-Mg Basalt,mafic volcanic high mg basalt,[basalt,100,
2746,Q,Quartz,quartz,[sandstone,100,
2746,Lc,Clay Plasmic,clay ,[mud,101,
2746,Lf,Laterite,laterite,[laterite,100,
2746,MVB,Mafic Volcanic Basalt,mafic volcanic basalt,[basalt,100,
2746,Mb,basalt,basalt,[basalt,100,
2746,M,Mafic Unknown,mafic unknown,[unclassified_rock,101,
2790,KPSH,K-Feldspar Schist,k feldspar schist,[schist,100,
2790,BISH,Biotite Schist,biotite schist,[schist,100,
2790,BISH,Biotite Schist ,biotite schist ,[schist,100,
2790,DOLR,Dolerite,dolerite,[dolerite,100,
2790,FERR,Ferricrete,ferricrete,[ferricrete],100,
2790,FLSH,Felsic Schist/Feldspar schist,felsic schist feldspar schist,[schist,100,
2790,IDO,Diorite,diorite,[foid-diorite,100,
2790,MBB,Fine grained basalt with round carbonate blobs,fine grained basalt with round carbonate blobs,[carbonate,100,
2790,MZE,equigranular dolerite/gabbro,equigranular dolerite gabbro,[gabbro,100,
2790,ALLU,Alluvium,alluvium,[alluvium,100,
2790,GDO,coarse medium grained granitiods,coarse medium grained granitiods,Other,71,
2790,MFSH,Mafic Schist,mafic schist,[schist,100,
2790,MFSH,Mafic Schist ,mafic schist ,[schist,100,
2790,QTZ,Quartz Vein  also QZVN,quartz vein  ,[vein,100,
2790,QTZ,Quartz Vein also QZVN ,quartz vein  ,[vein,100,
2790,SILC,Silcrete,silcrete,[silcrete],100,
2790,LATR,Lateritic Residuum,lateritic residuum,[laterite,91,
2790,LATR,Lateritic Residuum ,lateritic residuum ,[laterite,91,
2790,QZVN,Quartz Vein,quartz vein,[vein,100,
2790,IOO,Undifferentiated intermediate rocks,intermediate rocks,[intermediate,100,
2790,MDP,Pyroxenite melanocratic dolerite with small mafic crysts/clots,pyroxenite  melanocratic dolerite with small mafic crysts clots,[pyroxenite,100,
2790,CLAY,Clay,clay,[mud,101,
2790,BSLV,Volcaniclastic Basalt,volcaniclastic basalt,[basalt,100,
2790,BSLV,Volcaniclastic Basalt ,volcaniclastic basalt ,[basalt,100,
2790,DCO,Carbonate cemented duricrust or calcrete,carbonate cemented duricrust or calcrete,[carbonate,100,
2790,FPO,Porphyritic felsic rocks,porphyritic felsic rocks,[felsic,100,
2790,NZO,Transported soil,transported soil,[colluvium,100,
2790,UAO,Actinolite rich ultramafic rock,actinolite rich ultramafic rock,[rock],100,
2790,UMFC,Ultramafics,ultramafics,Other,77,
2790,WSR,Saprock,saprock,[saprock],100,
2790,CASH,Carbonaceous Shale,carbonaceous shale,[mudstone,101,
2790,CASH,Carbonaceous Shale ,carbonaceous shale ,[mudstone,101,
2790,SHZN,Shear Zone,shear zone,[shear_zone],90,
2790,SHZN,Shear Zone ,shear zone ,[shear_zone],90,
2790,USO,Schistose ultramafics,schistose ultramafics,Other,67,
2790,COLL,Colluvium,colluvium,[colluvium,100,
2790,FAF,Very fine to very fine grained aphanitic feldspar quartz rock with minorferromagnesium minerals +/- chlorite. Felsic intrusive,very fine to very fine grained aphanitic feldspar  quartz rock with minor
ferromagnesium minerals   felsic intrusive,[vein,100,
2790,FLSC,Undefined felsic,undefined felsic,[felsic,100,
2790,FLSC,Undefined felsic ,undefined felsic ,[felsic,100,
2790,MDC,Coarse-grained dolerite,coarse grained dolerite,[dolerite,100,
2790,MMI,Intrusive dolerite dyke hi-Mg,intrusive dolerite dyke  hi mg,[dolerite,100,
2790,MZO,Undifferentiated differentiated dolerites, dolerites,[dolerite,94,
2790,NCO,Transported clay,transported clay,[mud,101,
2790,SLB,Black shales,black shales,[mudstone,87,
2790,HP,Hardpan,hardpan,Other,57,
2790,MSV,Medium to coarse grained light coloured foliated mafic rock. Some hints oflayering. Deformed volcaniclastic or dolerite?,medium to coarse grained  light coloured foliated mafic rock  some hints of
layering  deformed volcaniclastic ,[rock],100,
2790,MSV,Medium to course grained light coloured foliated mafic rock. Some hints of layering. Deformed volcaniclastic ordolerite?,medium to course grained  light coloured foliated mafic rock  some hints of layering  deformed volcaniclastic (or
dolerite),[rock],100,
2790,OOO,Undifferentiated rock type,rock type,[rock],100,
2790,SLG,Pale gray opaque fine grained,pale gray  opaque  fine grained,Other,62,
2790,SOO,Undifferentiated sedimentary rocks,sedimentary rocks,Other,80,
2790,CV,Colluvium,colluvium,[colluvium,100,
2790,HARD,Hardpan,hardpan,Other,57,
2790,MDG,Gabbro,gabbro,[foid-gabbro,100,
2790,SLO,Lutites fine grained,lutites ,Other,80,
2790,USP,Schistose talc-chlorite rock phylitic,schistose talc chlorite rock ,[talc-rock,100,
2790,CALC,Calcrete,calcrete,[calcrete,100,
2790,MVB,lithologically variable mafic rock hints of compositional layering,lithologically variable mafic rock  hints of compositional layering,[rock],100,
2790,NGF,Layered ferruginous gravels. Alluvial sheet wash,layered ferruginous gravels  alluvial sheet wash,[alluvium,100,
2790,UMC,Medium to coarse grained chlorite carbonate +/- talc rock,medium to coarse grained chlorite  carbonate +   talc rock,[carbonate,100,
2790,UMC,Coarse/medium grained chlorite + carbonate +/- talc,coarse medium grained chlorite + carbonate +   talc,[carbonate,100,
2790,USB,Amphibole chlorite rock. Fine grained grey-blue. Low Mg ultramafic schist,amphibole  chlorite rock  fine grained grey blue  low mg ultramafic schist,[amphibole-rock],100,
2790,NHO,Hardpanised transported material,hardpanised transported material,[colluvium,100,
2790,DSO,Siliceous duricrust or silcrete,siliceous duricrust or silcrete,[duricrust],100,
2790,FEST,Ironstone\Gossan,ironstone\gossan,[ironstone,100,
2790,MSO,Mafic tectonites,mafic tectonites,[mafic,100,
2790,NLO,Transported laterite pisoliths,transported laterite ,[colluvium,100,
2790,NSO,Sand,sand,[bioclastic,100,
2790,WCZ,Clay zone,clay zone,[mud,100,
2790,BSLM,High-magnesium Basalt,high magnesium basalt,[basalt,100,
2790,BSLM,High-magnesium Basalt ,high magnesium basalt ,[basalt,100,
2790,DHO,Hardpan duricrust or ferricrete,hardpan duricrust or ferricrete,[duricrust],100,
2790,FSO,Felsic tectonite,felsic tectonite,[felsic,100,
2790,MZY,pyroxenite with orthopyroxene no obvious feldspar,pyroxenite with orthopyroxene ,[pyroxenite,100,
2790,FECY,Ferruginous Clay,ferruginous clay,[mud,101,
2790,FECY,Ferruginous Clay ,ferruginous clay ,[mud,101,
2790,FLCY,Felsic Clay,felsic clay,[mud,101,
2790,FLCY,Felsic Clay ,felsic clay ,[mud,101,
2790,GABR,Gabbro,gabbro,[foid-gabbro,100,
2790,PEGM,Pegmatite,pegmatite,[pegmatite],100,
2790,ALSH,Altered Schist,altered schist,[schist,100,
2790,ALSH,Altered Schist ,altered schist ,[schist,100,
2790,DOO,Undifferentiated duricrust,duricrust,[duricrust],100,
2790,GOO,Granitic rocks,granitic rocks,[granitic-rock],96,
2790,MDO,Undifferentiated dolerites,dolerites,[dolerite,94,
2790,MSA,Amphobolite massive,amphobolite ,[amphibolite],91,
2790,VOID,Drilling Void or Cavity,drilling void or cavity,[void,100,
2790,VOID,Cavity void or natural opening,cavity  void or natural opening,[void,100,
2790,INSH,Intermediate Schist,intermediate schist,[schist,100,
2790,INSH,Intermediate Schist ,intermediate schist ,[schist,100,
2790,IAO,Andesite,andesite,[greenschist_facies_basaltic-andesite],100,
2790,NMO,Mottled zone,mottled zone,[mottled_zone],92,
2790,NOO,Undifferentaited transported material,erentaited transported material,[colluvium,100,
2790,TCSH,Talc Chlorite Schist/talc schist,talc chlorite schist talc schist,[talc-rock,100,
2790,TCSH,Talc Chlorite Schist/talc schist ,talc chlorite schist talc schist ,[talc-rock,100,
2790,VQZ,Quartz Vein,quartz vein,[vein,100,
2790,SVO,volcaniclastic,volcaniclastic,[volcaniclastic-mudstone],100,
2790,UMSH,Ultramafic Schist,ultramafic schist,[schist,100,
2790,UMSH,Ultramafic Schist ,ultramafic schist ,[schist,100,
2790,FAO,Aphanitic felsic rocks,aphanitic felsic rocks,[felsic,100,
2790,FCO,Crystic felsic rock except obvious porphyry,crystic felsic rock ,[rock],100,
2790,MVO,Mafic volcaniclastics,mafic volcaniclastics,[mafic,100,
2790,MZG,granophyre largely quartzofeldspathic with graphic/myrmekitic intergrowths,granophyre  largely quartzofeldspathic with graphic myrmekitic intergrowths,Other,40,
2790,QZSD,Qtz Sand,qtz sand,[bioclastic,100,
2790,QZSD,Qtz Sand ,qtz sand ,[bioclastic,100,
2790,SLS,Siltstone,siltstone,[mudstone,101,
2790,UMCY,Ultramafic clays,ultramafic clays,[mud,101,
2790,UMCY,Ultramafic clays ,ultramafic clays ,[mud,101,
2790,FAS,Aphanitic felsic rocks - sericitic,aphanitic felsic rocks   sericitic,[felsic,100,
2790,FSS,Sericite schist,sericite schist,[schist,100,
2790,MOO,Undifferentiated mafic rocks,mafic rocks,[mafic,100,
2790,QMSH,Qtz Mica Schist,qtz mica schist,[schist,100,
2790,SAND,Sandstone/sand,sandstone sand,[bioclastic,100,
2790,SAND,Surficial sands ,surficial sands ,Other,64,
2790,SCX,Chert breccia,chert breccia,[breccia],100,
2790,ISO,Foliated intermediate rocks,foliated intermediate rocks,[intermediate,100,
2790,KPSH,K-Feldspar Schist ,k feldspar schist ,[schist,100,
2790,MAFC,Undefined mafic,undefined mafic,[mafic,100,
2790,MAFC,Undefined mafic ,undefined mafic ,[mafic,100,
2790,SOIL,Soil,soil,[soil,100,
2790,AMPH,Amphibolite,amphibolite,[amphibolite],100,
2790,FOO,Undifferentiated felsic rocks,felsic rocks,[felsic,100,
2790,FPQ,FPO with quartz phenocrysts,fpo with quartz phenocrysts,[vein,100,
2790,FVO,Felsic volcanic rocks,felsic volcanic rocks,[felsic,100,
2790,GYSM,Gypsum,gypsum,[gypsum-stone,100,
2790,SAF,fine-grained feldspathic sandstone,fine grained feldspathic sandstone,[sandstone,100,
2790,GGO,granite gniess,granite gniess,[granite,100,
2790,MBF,Fine-grained basalt,fine grained basalt,[basalt,100,
2790,PORP,Porphyry,porphyry,[porphyry],100,
2790,UMO,Massive ultramafics,massive ultramafics,Other,65,
2790,IPO,Porphyritic intermediate intrusives,porphyritic intermediate intrusives,[intermediate,100,
2790,ISS,Silver-grey fine to medium grained intermediate sericite schist with velvety sheen on fractures. non dyke,silver grey fine to medium grained intermediate sericite schist with velvety sheen on fractures  ,[schist,100,
2790,ISS,Silver-grey fine to medium grained intermediate sericite schist with velvety sheen on fractures. nondyke,silver grey fine to medium grained intermediate sericite schist with velvety sheen on fractures  (non
dyke),[schist,100,
2790,MDM,Medium-grained dolerite,medium grained dolerite,[dolerite,100,
2790,MFCY,Mafic clay,mafic clay,[mud,101,
2790,MFCY,Mafic clay ,mafic clay ,[mud,101,
2790,GCO,Coarse grained granites,coarse grained granites,Other,76,
2790,LOST,No Sample Recovered,no sample recovered,Other,57,
2790,LOST,Samples lost or missing ,samples lost or missing ,Other,50,
2790,WSP,Saprolite,saprolite,[saprolite,100,
2790,BSLT,Basalt/foliated Basalt,basalt foliated basalt,[basalt,100,
2790,BSLT,Basalt/foliated Basalt ,basalt foliated basalt ,[basalt,100,
2790,DLO,Duricrust with uncertain material or lateritic material,duricrust with uncertain material or lateritic material,[duricrust],100,
2790,FAB,Strongly sericitic fine grained feldspar rock with very fine biotite alteration randomly orientated in foliated rock. Altered felsic intrusive?,strongly sericitic fine grained feldspar rock with very fine biotite  randomly orientated in foliated rock  altered felsic intrusive,[rock],100,
2790,GRAN,Granite,granite,[alkali-feldspar-granite],100,
2790,MDF,Fine-grained dolerite,fine grained dolerite,[dolerite,100,
2790,MMO,High magnesium mafic rocks,high magnesium mafic rocks,[mafic,100,
2790,UOO,Undifferentiated ultramafic rocks,ultramafic rocks,[ultramafic-rock,97,
2790,UMS,Serpentinite,serpentinite,[serpentinite],100,
2790,MBO,Undifferentiated basalts,basalts,[basalt,92,
2790,MDI,Intrusive tholeiitic dyke,intrusive tholeiitic dyke,Other,58,
2790,NGO,Transported gravel,transported gravel,[colluvium,100,
2790,SCO,Cherty rocks,cherty rocks,Other,67,
2790,WMZ,Mottled zone,mottled zone,[mottled_zone],92,
3049,CZZ,Silcrete,silcrete,[silcrete],100,
3049,CZZ,silcrete ,silcrete ,[silcrete],100,
3049,CZP,Saline and gypsiferous evaporites in playa lakes,saline and gypsiferous evaporites in playa lakes,Other,50,
3049,ALA,Amphibolite,amphibolite,[amphibolite],100,
3049,AUR,Amphibole-talc-chlorite schist,amphibole talc chlorite schist,[talc-rock,100,
3049,AFS,Qtz - feldspar - sericite schist,qtz   feldspar   sericite schist,[schist,100,
3049,AO,Metamorphosed coarse-grained mafic intrusive rock, coarse grained mafic  rock,[rock],100,
3049,AO,coarse grained metamafic intursive,coarse grained mafic intursive,[mafic,100,
3049,AO,rock,rock,[metacarbonate-rock],100,
3049,ALB,Mafic rock,mafic rock,[rock],100,
3049,AM,Greenstone,greenstone,[greenstone],100,
3049,CZC,Lag,lag,[lag],100,
3049,QAHP,hardpan ,hardpan ,Other,57,
3049,QAHP,Hardpan,hardpan,Other,57,
3049,QA,Alluvium,alluvium,[alluvium,100,
3049,QA,alluvium ,alluvium ,[alluvium,100,
3049,CZLC,Cemented Laterite,cemented laterite,[laterite,100,
3049,CZC,colluvium sheetwash talus ,colluvium sheetwash talus ,[alluvium,100,
3049,GG,Greissenised Granite,greissenised granite,[granite,100,
3049,NS,No Sample due to driling conditions I.e. core loss,no sample due to driling conditions i e  core loss,Other,42,
3049,AFV,Felsic volcanic metamorphosed,felsic volcanic  ,[felsic,100,
3049,AFV,felsic volcanic,felsic volcanic,[felsic,100,
3049,AC,Chert,chert,[opaline-chert],100,
3049,AC,chert ,chert ,[opaline-chert],100,
3049,AFD,Volcano Clastic,volcano clastic,Other,67,
3049,AB,mafic undifferentiated,mafic  un,[mafic,100,
3049,AB,Metamorphosed fine-grained mafic rock undivided, fine grained mafic rock  undivided,[rock],100,
3049,CZLU,Laterite unconsolidated,laterite unconsolidated,[laterite,100,
3049,AOD,Dolerite metamorphosed,dolerite  ,[dolerite,100,
3049,AOD,dolerite ,dolerite ,[dolerite,100,
3049,QTZ,Quartz,quartz,[sandstone,100,
3049,QUES,Undetermined see other fields ,undetermined  ,Other,62,
3049,QUES,Undetermined see other fields,undetermined ,Other,62,
3049,AU,Metamorphosed ultramafic rocks undivided, ultramafic rocks  undivided,Other,80,
3049,AU,ultramafic undifferentiated,ultramafic  un,[coarse-grained-ultramafic-rock],87,
3049,AFT,Felsic Tuff metamorphosed,felsic tuff  ,[tuff],100,
3049,AFT,felsic volcaniclastics,felsic volcaniclastics,[felsic,100,
3049,GR,Undiferentiated Granite, granite,[alkali-feldspar-granite],100,
3049,ALF,Quartzo-feldspathic schist,quartzo feldspathic schist,[schist,100,
3049,ALF,quartzo-feldspathic ,quartzo feldspathic ,Other,79,
3049,AUT,Talc-Chlorite schist,talc chlorite schist,[talc-rock,100,
3049,CZK,Calcrete,calcrete,[calcrete,100,
3049,ABF,Mafic schist,mafic schist,[schist,100,
3049,CZK,calcrete ,calcrete ,[calcrete,100,
3049,AL,Schist undivided,schist  undivided,[schist,100,
3049,AL,schist undiff,schist  ,[schist,100,
3049,ACI,Banded iron formation,banded iron formation,Other,71,
3049,ACI,banded iron formation ,banded iron formation ,Other,71,
3049,ASH,Metashale,shale,[mudstone,101,
3049,ASH,shale ,shale ,[mudstone,101,
3049,VQ,Qtz Vein ,qtz vein ,[vein,100,
3049,VQ,Qtz Vein,qtz vein,[vein,100,
3049,AFP,Feldspar and/or quartz porphyry,feldspar and or quartz porphyry,[vein,100,
3049,AFP,porphyritic felsic intrusive ,porphyritic felsic intrusive ,[felsic,100,
3049,AUK,Metakomatiite,komatiite,[komatiite],100,
3049,AUK,komatiite ,komatiite ,[komatiite],100,
3049,AUX,meta-pyroxinite, pyroxinite,[pyroxenite,90,
3049,CZA,Colluvium,colluvium,[colluvium,100,
3049,CZA,colluvium sheetwash fan ,colluvium sheetwash fan ,[alluvium,100,
3049,AOG,Gabbro metamorphosed,gabbro  ,[foid-gabbro,100,
3049,AOG,gabbro ,gabbro ,[foid-gabbro,100,
3049,CZU,Silica cap rock developed over ultramafic rock,silica cap rock developed over ultramafic rock,[rock],100,
3049,QASI,Silcrete,silcrete,[silcrete],100,
3049,QASI,silcrete ,silcrete ,[silcrete],100,
3049,ASG,Metagreywacke,greywacke,Other,71,
3049,ASG,greywacke ,greywacke ,Other,71,
3049,ASQ,Quartz metasiltstone,quartz siltstone,[mudstone,101,
3049,AUX,meta-pyroxinite , pyroxinite ,[pyroxenite,90,
3049,ALU,Interleaved mafic and ultramafic amphibole schist,interleaved mafic and ultramafic  schist,[schist,100,
3049,ALU,mafic - ultramafic ,mafic   ultramafic ,[mafic,100,
3049,AUC,Undifferentiated talc carbonate -serpentine rock,talc carbonate  rock,[carbonate,100,
3049,AUC,talc-carbonate -serpentine schist ,talc carbonate  schist ,[carbonate,100,
3049,ALQM,Quartz-aluminosilicate sericite rock,quartz aluminosilicate  rock,[vein,100,
3049,AGP,Porphyritic granitoid metamorphosed,porphyritic granitoid  ,[granitoid,100,
3049,AGP,porphyritic granitoid undifferentiated ,porphyritic granitoid  ,[granitoid,100,
3049,AG,Granitoid rock metamorphosed,granitoid rock  ,[granitoid,100,
3049,AG,granitoid undifferentiated,granitoid  un,[granitoid,100,
3049,-,Not Logged,not logged,Other,60,
3049,AFI,Felsic rocks of intermediate composition,felsic rocks of intermediate composition,[felsic,100,
3049,AFI,intermediate volcanic,intermediate volcanic,[intermediate,100,
3049,CZTC,Tertiary clay,tertiary clay,[mud,101,
3049,CZTC,clay lacustrine,clay ,[mud,101,
3049,AF,Metamorphosed fine-grained felsic rock undivided, fine grained felsic rock  undivided,[rock],100,
3049,AF,felsic undifferentiated,felsic  un,[felsic,100,
3049,AUS,Serpentinite,serpentinite,[serpentinite],100,
3049,CZTS,Tertiary sands,tertiary sands,Other,61,
3049,CZTS,sands running sands ,sands  ,[bioclastic,89,
3049,ASHG,Graphitic metashale,graphitic shale,[mudstone,101,
3049,AFR,Metarhyolite,rhyolite,[alkali-feldspar-rhyolite],100,
3049,AS,Metasedimentary rock undivided,sedimentary rock  undivided,[rock],100,
3049,AS,sediments undifferentiated,sediments  un,[sediments],100,
3049,ASS,Metasiltstone and metasandstone,siltstone and sandstone,[mudstone,100,
3049,ASS,sandstone ,sandstone ,[sandstone,100,
3049,CLAY,Clay Undifferentiated,clay un,[mud,100,
3049,X,Altered undiferentiated ,altered  ,Other,67,
3049,X,Altered undiferentiated,altered ,Other,67,
3049,QASIL,Silcrete,silcrete,[silcrete],100,
3049,QAK,Calcrete in active fluvial systems,calcrete in active fluvial systems,[calcrete,100,
3049,QAK,calcrete ,calcrete ,[calcrete,100,
3049,ABC,Carbonated metabasalt,carbonated basalt,[basalt,100,
3049,ALM,Quartz-muscovite schist,quartz muscovite schist,[vein,100,
3049,ALM,quartz - muscovite ,quartz   muscovite ,[vein,100,
3049,ASC,Metaconglomerate,conglomerate,[conglomerate,100,
3049,CZF,Ferruginised rock and ironstone debris,ferruginised rock and ironstone debris,[ironstone,100,
3049,CZL,Laterite,laterite,[laterite,100,
3049,CZL,laterite ,laterite ,[laterite,100,
3049,CZS,Silica fine-grained,silica ,Other,67,
3049,AUS,serpentinite ,serpentinite ,[serpentinite],100,
3049,QAS,Sands or medium grained sandstone,sands or medium grained sandstone,[sandstone,100,
3049,QAS,sands ,sands ,[bioclastic,89,
3049,AUP,Harzburgite Metaperidotite,harzburgite ,[peridotite,101,
3049,AUP,peridotite ,peridotite ,[peridotite,100,
3049,A,Intermediate intrusive,intermediate intrusive,[intermediate,100,
3049,ALA,amphibolite ,amphibolite ,[amphibolite],100,
3049,ALQB,Quartz - biotite - feldspar schist,quartz   biotite   feldspar schist,[vein,100,
3049,ABT,Metamorphosed tholeiite basalt, tholeiite basalt,[basalt,100,
3049,ABT,tholeiite basalt,tholeiite basalt,[basalt,100,
3049,QAC,Claypan,claypan,Other,73,
3049,QAC,clay pan,clay ,[mud,101,
3049,SI,Massive silica ,massive silica ,Other,69,
3049,SI,Massive silica,massive silica,Other,69,
3049,BIF,Banded Iron Formation,banded iron formation,Other,71,
3049,ABM,Metamorphosed high-Mg basalt, high mg basalt,[basalt,100,
3049,ABM,high magnesium basalt ,high magnesium basalt ,[basalt,100,
3049,AFS,felsic schist,felsic schist,[schist,100,
3050,Sif,iron-formation,iron formation,Other,69,
3050,Sps,sandstone,sandstone,[sandstone,100,
3050,Sx,sedimentary breccia,sedimentary breccia,[breccia],100,
3050,Uac,tremolite-chloriteschist/rock,tremoliteschist rock,[rock],100,
3050,Uac,tremolite-chlorite schist /rock,tremolite chlorite schist  rock,[rock],100,
3050,$,massive sulphides ,massive sulphides ,[massive_sulphide,91,
3050,SIF,Banded iron-formation,banded iron formation,Other,71,
3050,NR,Not recorded,not recorded,Other,63,
3050,NR,Not logged\recorded,not logged\recorded,Other,50,
3050,Vq,Vein quartz,vein quartz,[vein,100,
3050,Spt,siltstone,siltstone,[mudstone,101,
3050,U,ultramafic rocks,ultramafic rocks,[ultramafic-rock,97,
3050,Ac,carbonatite,carbonatite,[carbonatite,100,
3050,Fgd,granodiorite,granodiorite,[granodiorite],100,
3050,Mb,basalt,basalt,[basalt,100,
3050,U,ultramafic rocks undivided,ultramafic rocks  undivided,Other,80,
3050,U,Ultramafic rocks - undivided,ultramafic rocks   undivided,Other,80,
3050,Mg,gabbro,gabbro,[foid-gabbro,100,
3050,Cc,colluvium,colluvium,[colluvium,100,
3050,V,Vein,vein,[vein,100,
3050,Al,lamprophyre,lamprophyre,[lamprophyre,100,
3050,NSR,no sample return,no sample return,Other,64,
3050,Id,diorite,diorite,[foid-diorite,100,
3050,SIF,banded iron-formation ,banded iron formation ,Other,71,
3050,Tx,tectonic breccia cataclasite brittle fault,tectonic breccia  cataclasite  brittle fault,[fault,100,
3050,Ssq,quartzite,quartzite,[secondary-quartzite],100,
3050,Utc,talc-carbonate schist/rock,talc carbonate schist rock,[carbonate,100,
3050,Md,dolerite,dolerite,[dolerite,100,
3050,Ccl,colluvial lag,colluvial lag,[lag],100,
3050,Ssh,shale,shale,[mudstone,101,
3050,Tm,mylonite ductile shear zone,mylonite  ductile shear zone,[mylonite,100,
3050,S,sedimentary rocks,sedimentary rocks,Other,80,
3050,S,sedimentary rocks undivided,sedimentary rocks  undivided,Other,70,
3050,S,massive sulphides,massive sulphides,[massive_sulphide,91,
3050,S,Sedimentary rocks - undivided,sedimentary rocks   undivided,Other,70,
3050,Sct,chert,chert,[opaline-chert],100,
3050,Mn,mafic gneiss,mafic gneiss,[gneiss],100,
3050,As,syenite,syenite,[foid-syenite,100,
3050,Sbl,limestone,limestone,[aragonite,100,
3050,Mm,amphibolite,amphibolite,[amphibolite],100,
3050,X,breccia origin unknown,breccia  origin unknown,[unclassified_rock,101,
3050,X,unknown rock,unknown rock,[rock],100,
3050,Utc,talc-chlorite-carbonate schist/rock,talc chlorite carbonate schist rock,[carbonate,100,
3050,Sc,conglomerate,conglomerate,[conglomerate,100,
3050,Sx,breccia origin unknown,breccia  origin unknown,[unclassified_rock,101,
3050,M,Mafic - undivided,mafic   undivided,[mafic,100,
3050,M,mafic rocks undivided,mafic rocks  undivided,[mafic,100,
3053,Upd,peridotite,peridotite,[peridotite,100,
3053,Lfp,ferruginous laterite pisolite,ferruginous laterite pisolite,[laterite,100,
3053,Qc,undifferentiated recent surficial deposit clay,recent surficial deposit clay,[mud,101,
3053,Bdo,dolerite,dolerite,[dolerite,100,
3053,Sh,shale,shale,[mudstone,101,
3053,Lc,undiferentiated laterite clay, laterite clay,[mud,101,
3053,Bv,volcanic undiff.,volcanic   ,Other,76,
3053,Us,serpentinite,serpentinite,[serpentinite],100,
3053,Qtg,transported cover dep gravel,transported cover  gravel,[colluvium,100,
3053,Qts,transported cover dep sand,transported cover  sand,[bioclastic,100,
3053,Bi,intrusive,intrusive,Other,78,
3053,Ud,danite,danite,[dacite],83,
3053,Qtc,transported cover dep clay,transported cover  clay,[mud,101,
3053,U,undifferentiated ultramafic,ultramafic,[coarse-grained-ultramafic-rock],100,
3053,Sq,quartzite,quartzite,[secondary-quartzite],100,
3053,S,undifferentiated sediment,sediment,[hybrid-sediment],100,
3053,Agn,gneiss,gneiss,[gneiss],100,
3053,B,undifferentiated basic,basic,[mafic,100,
3053,Qfp,ferruginous lag/transp.laterite pisolite,ferruginous lag transp laterite pisolite,[lag],100,
3053,Sci,chert,chert,[opaline-chert],100,
3053,Qcgl,undifferentiated recent surficial deposit conglomerate,recent surficial deposit conglomerate,[conglomerate,100,
3053,Qs,undifferentiated recent surficial deposit sand,recent surficial deposit sand,[bioclastic,100,
3053,Utc,talc-carbonate rock,talc carbonate rock,[carbonate,100,
3053,Bgb,gabbro,gabbro,[foid-gabbro,100,
3053,Qtp,transported cover dep pisolite,transported cover  pisolite,[colluvium,100,
3053,Ls,undiferentiated laterite sand, laterite sand,[bioclastic,100,
3113,G,Felsic-Intermediate Intrusives,felsic intermediate intrusives,[felsic,100,
3113,X,Metamorphics,morphics,Other,62,
3113,T,Transported,transported,[colluvium,100,
3113,Rus,Saprolite  upper,saprolite  upper,[saprolite,100,
3113,U,Ultramfics,ultramfics,Other,72,
3113,V,Volcaniclastic,volcaniclastic,[volcaniclastic-mudstone],100,
3113,V,Veins,veins,[vein,101,
3113,R,Residual,residual,Other,76,
3113,Rls,Saprolite  lower,saprolite  lower,[saprolite,100,
3113,Mgb,Gabbro,gabbro,[foid-gabbro,100,
3113,M,Mafics,mafics,[mafic,91,
3113,B,Breccias,breccias,[breccia],93,
3113,Vqu,Quartz,quartz,[sandstone,100,
3113,Mdo,Dolerite,dolerite,[dolerite,100,
3113,Upx,Pyroxenite,pyroxenite,[hornblendite,100,
3113,Tcy,Clay undif,clay ,[mud,101,
369,AEO,Aeolian sand,aeolian sand,[bioclastic,100,
369,LSZ,Silcrete,silcrete,[silcrete],100,
369,LSP,UNDIFFERENTIATED SAPROLITE  SAME AS BEDROCK,saprolite  same as bedrock,[saprolite,100,
369,LSP,Undifferentiated saprolite,saprolite,[saprolite,100,
369,FPG,Pegmatite,pegmatite,[pegmatite],100,
369,LDH,Hardpan,hardpan,Other,57,
369,TLC,Lake clays,lake clays,[mud,101,
369,ALL,Alluvium,alluvium,[alluvium,100,
369,LCY,Undifferentaited clays,erentaited clays,[mud,101,
369,TCS,Channel sands,channel sands,[channel,100,
369,SSTS,Siltstone,siltstone,[mudstone,101,
369,TLS,Lake sands,lake sands,Other,74,
369,FDI,Diorite,diorite,[foid-diorite,100,
369,MAA,Amphibolite,amphibolite,[amphibolite],100,
369,LFZ,Ferruginous red coloured clays,ferruginous red coloured clays,[mud,101,
369,LAT,Undifferentiated laterite,laterite,[laterite,100,
369,LND,Nodular laterite,nodular laterite,[laterite,100,
369,LND,NODULAR LATERITE WITH FEO  CUTANS  ,nodular laterite with feo  cutans  ,[laterite,100,
369,LPZ,Pallid zone white/cream/yellow/pink clays,pallid zone white cream yellow pink clays,[mud,101,
369,MPD,Mafic Porphyry,mafic porphyry,[porphyry],100,
369,FPD,Felsic Porphyry,felsic porphyry,[felsic,100,
369,FGR,Granite,granite,[alkali-feldspar-granite],100,
369,MGA,gabbro,gabbro,[foid-gabbro,100,
369,TCG,Channel gravels,channel gravels,[channel,100,
369,PH,Phyllite,phyllite,[phyllite],100,
369,MBA,Basalt,basalt,[basalt,100,
369,LCZ,Calcrete,calcrete,[calcrete,100,
369,SBI,Banded iron,banded iron,Other,80,
369,SSH,Shale,shale,[mudstone,101,
369,FI,Undifferentiated Felsic Intrusives,felsic intrusives,[felsic,100,
369,FDA,Dacite,dacite,[dacite],100,
369,M,Undifferentiated Mafic Rocks,mafic rocks,[mafic,100,
369,F,Undifferntiated Felsic Rocks,erntiated felsic rocks,[felsic,100,
369,S,Undifferentiated sediments,sediments,[sediments],100,
369,LIZ,Rounded pea-sized iron pisoliths,rounded  pea sized iron pisoliths,Other,67,
369,FTO,Tonalite,tonalite,[tonalite],100,
369,LMZ,Iron mottled pallid clays,iron mottled pallid clays,[mud,101,
369,COL,COLLUVIUM,colluvium,[colluvium,100,
369,TCC,Channel clays,channel clays,[mud,101,
455,S,Undifferentiated sediments,sediments,[sediments],100,
455,F,Undifferntiated Felsic Rocks,erntiated felsic rocks,[felsic,100,
455,SCH,Schist,schist,[schist,100,
455,MBA,Basalt,basalt,[basalt,100,
455,V,Undifferentiated Volcaniclastics,volcaniclastics,[volcaniclastic-mud],85,
455,M,Undifferentiated Mafic Rocks,mafic rocks,[mafic,100,
455,TLS,Lake sands,lake sands,Other,74,
455,SSH,Shale,shale,[mudstone,101,
455,TLC,Lake clays,lake clays,[mud,101,
54,wAgb,w.bt.granite,w bt granite,[granite,100,
54,Agm,pegmatite,pegmatite,[pegmatite],100,
54,Aag,Gniess,gniess,[gneiss],83,
54,Qalt,Iron replaced silcrete,iron replaced silcrete,[silcrete],100,
54,Agb,Biotite Granite,biotite granite,[granite,100,
54,wAgm,w.pegmatite,w pegmatite,[pegmatite],100,
54,Qsc,Silcrete,silcrete,[silcrete],100,
54,Qsc/Qas,Silcreted Sand,silcreted sand,[bioclastic,100,
54,Qas/Qac,sand + clay,sand + clay,[mud,101,
54,wAgm/wAgb,w.pegmatite/w bt granite,w pegmatite w bt granite,[pegmatite],100,
54,Qas/Qsc,Silcreted Sand,silcreted sand,[bioclastic,100,
54,Qas,Alluvial sand,alluvial sand,[alluvium,100,
54,wAagb,w.bt gniess,w bt gniess,Other,59,
54,Aagb,Biotite gniess,biotite gniess,Other,70,
54,wAg,w.granite,w granite,[granite,100,
54,Qact/Qsc,Conglomerate - silcreted,conglomerate   silcreted,[conglomerate,100,
54,Qact/Qac,Conglomerate/clay,conglomerate clay,[mud,101,
54,Ag,Granite,granite,[alkali-feldspar-granite],100,
54,Agm/Agb,Pegmatite/bt.granite,pegmatite bt granite,[pegmatite],100,
551,IO,Irone Ore,irone ore,[ore],100,
551,DOL,Dolerite; medium-grained amphibole-feldspar roack,dolerite  medium grained amphibole feldspar roack,[dolerite,100,
551,CP,Pallid zone bleached clays,pallid zone bleached clays,[mud,101,
551,UTUFF,Upper Tuff,upper tuff,[tuff],100,
551,CS,Saprolite undifferntiates,saprolite  erntiates,[saprolite,100,
551,LBIF,Lower BIF,lower bif,[banded_iron_formation,101,
551,SESCH,Sericite Schist,sericite schist,[schist,100,
551,CZH,Hardpan consolidated cemented ferrugionous transported material,hardpan  consolidated  cemented  ferrugionous transported material,[colluvium,100,
551,CZG,Lateritic gravels pisolites with cutans in situ,lateritic gravels  pisolites with cutans  in situ,Other,48,
551,MTUFF,Middle Tuff,middle tuff,[tuff],100,
551,CSM,Mafic saprolite,mafic saprolite,[saprolite,100,
551,CHLT,Chloritite,chloritite,[chloritolite],91,
551,BIM,Banded iron dominated by magnetite bands,banded iron dominated by magnetite bands,Other,71,
551,CNG,Canga,canga,Other,60,
551,SS,Sandstone,sandstone,[sandstone,100,
551,QV,Quartz Vein,quartz vein,[vein,100,
551,CSF,Felsic saprolite,felsic saprolite,[saprolite,100,
551,BIC,Grey siliceous chert,grey siliceous chert,[chert,100,
551,CY,Clay undifferentiated,clay  un,[mud,100,
551,BIJ,Jasperitic banded iron,jasperitic banded iron,Other,71,
551,BIF,Banded iron formation,banded iron formation,Other,71,
60,Qsil,silcrete late overprint,silcrete late overprint,[silcrete],100,
60,Bv,volcanic undiff,volcanic  ,Other,76,
60,Sif,iron formation,iron formation,Other,69,
60,S,undifferentiated sediment,sediment,[hybrid-sediment],100,
60,Qh,hardpan,hardpan,Other,57,
60,Q,undifferentiated,un,Other,67,
60,B,undifferentiated basic,basic,[mafic,100,
641,GRT,granite,granite,[alkali-feldspar-granite],100,
641,SILC,silicified zone,silicified zone,Other,61,
641,COLL,colluvium,colluvium,[colluvium,100,
641,BIF,banded iron formation/laminated iron-rich rock,banded iron formation laminated iron rich rock,[rock],100,
641,SED,sedimentary rock undefined,sedimentary rock  undefined,[rock],100,
641,GAB,gabbro,gabbro,[foid-gabbro,100,
641,ALT,alteration zone,alteration zone,Other,67,
641,CZ,contact zone,contact zone,Other,74,
641,SCH,schist,schist,[schist,100,
641,POR,porphyry/quartz feldspar porphyry,porphyry quartz feldspar porphyry,[vein,100,
641,CLAY,clay rich zone,clay rich zone,[mud,100,
641,MRK,mafic rock undefined,mafic rock  undefined,[rock],100,
641,MT,magnetite-dominated Fe mineralisation,magnetite dominated fe mineralisation,[mineralisation],100,
872,Amf,Felsic Schist,felsic schist,[schist,100,
872,AFU,Undifferentiated,un,Other,67,
872,AUT,Tremolotite,tremolotite,Other,67,
872,AUT,Tremolite,tremolite,Other,74,
872,AUU,Undifferentiated,un,Other,67,
872,Aiu,Undifferentiated,un,Other,67,
872,Aog,Gabbro,gabbro,[foid-gabbro,100,
872,ABV,Undifferentiated Basalt,basalt,[basalt,100,
872,AUX,Pyroxenite,pyroxenite,[hornblendite,100,
872,Aiu,Undifferentiated Intermediate,intermediate,[intermediate,100,
872,Aip,Porphyry,porphyry,[porphyry],100,
872,Czcy,Clay Zone,clay zone,[mud,100,
872,Avn,Quartz Apalite Vein,quartz apalite vein,[vein,100,
872,AFR,Rhyolite,rhyolite,[alkali-feldspar-rhyolite],100,
2501,MDO,Undifferentiated dolerites,dolerites,[dolerite,94,
2501,UOO,undifferentiated ultramafic rocks,ultramafic rocks,[ultramafic-rock,97,
2501,FEA,With amphibole crysts,with amphibole crysts,Other,78,
2501,DLO,Duricrust with uncertain material or lateritic material,duricrust with uncertain material or lateritic material,[duricrust],100,
2501,DLO,duricrust with uncertain material and lateritic material,duricrust with uncertain material and lateritic material,[duricrust],100,
2501,NZO,transported soil,transported soil,[colluvium,100,
2501,SCQ,Banded/laminated light & dark chert,banded laminated light   dark chert,[chert,100,
2501,WOO,Undifferentiatedweathered/transported material,unweathered transported material,[colluvium,100,
2501,DHO,hardpan duricrust or ferricrete,hardpan duricrust or ferricrete,[duricrust],100,
2501,FSO,Felsic tectonite,felsic tectonite,[felsic,100,
2501,PGTS,Pisolitic Gravel Tertiary,pisolitic gravel tertiary,[gravel,100,
2501,NGO,Transported gravel,transported gravel,[colluvium,100,
2501,MBO,Undifferentiated basalts,basalts,[basalt,92,
2501,FSX,Felsic tectonite breccia,felsic tectonite breccia,[breccia],100,
2501,MVB,lithologically variable mafic rock hints of compositional layering,lithologically variable mafic rock  hints of compositional layering,[rock],100,
2501,FGF,Ghosted FPF,ghosted fpf,Other,60,
2501,PST,Pisolite,pisolite,[pisolite],100,
2501,FAS,Sericitic,sericitic,Other,71,
2501,FAS,Aphanitic felsic rocks - sericitic,aphanitic felsic rocks   sericitic,[felsic,100,
2501,FSS,Sericite schist,sericite schist,[schist,100,
2501,MBX,Hyaloclastite or other breccia,hyaloclastite or other breccia,[breccia],100,
2501,MOO,Undifferentiated mafic rocks,mafic rocks,[mafic,100,
2501,FSQ,Sericitic schist with quartz,sericitic schist with quartz,[vein,100,
2501,FSQ,Sericitic/Muscovite schist with quartz,sericitic muscovite schist with quartz,[vein,100,
2501,FCF,Crystic felsic rock-Feldspar crysts angular or rounded possibly FPO,crystic felsic rock feldspar crysts  possibly fpo,[rock],100,
2501,FCF,Feldspar crysts angular or rounded possibly FPO,feldspar crysts  possibly fpo,Other,52,
2501,FPF,With feldspar ? quartz phenocrysts,with feldspar  quartz phenocrysts,[vein,100,
2501,FPF,FPO with feldspar +/- quartz phenocrysts,fpo with feldspar +   quartz phenocrysts,[vein,100,
2501,FPQ,FPO with quartz phenocrysts,fpo with quartz phenocrysts,[vein,100,
2501,FPQ,With quartz phenocrysts,with quartz phenocrysts,[vein,100,
2501,FOO,Undifferentiated felsic rocks,felsic rocks,[felsic,100,
2501,NLO,transported laterite pisoliths or nodules,transported laterite ,[colluvium,100,
2501,LPY,Lamprophyre,lamprophyre,[lamprophyre,100,
2501,MSM,Mafic mylonite,mafic mylonite,[mylonite,100,
2501,MSS,Mafic schist: sericite + chlorite,mafic schist  sericite + chlorite,[schist,100,
2501,MSS,Mafic schist: with sericite + chlorite,mafic schist  with sericite + chlorite,[schist,100,
2501,QS,Quaternary Sediments,quaternary sediments,[sediments],100,
2501,USS,Schistose  chlorite + carbonate ? Talc,schistose   chlorite + carbonate  talc,[carbonate,100,
2501,USS,Schistose  chlorite + carbonate +/- talc,schistose   chlorite + carbonate +   talc,[carbonate,100,
2501,NLO,Transported laterite pisoliths,transported laterite ,[colluvium,100,
2501,NS,No Sample,no sample,[unclassified_rock,89,
2501,WCZ,clay zone:  strongly weathered dominantly pallid clay,clay zone   strongly weathered  dominantly pallid clay,[mud,101,
2501,WCZ,Clay zone,clay zone,[mud,100,
2501,UMO,massive ultramafics,massive ultramafics,Other,65,
2501,SPLT,Saprolite,saprolite,[saprolite,100,
2501,MBF,Fine-grained basalt,fine grained basalt,[basalt,100,
2501,MSX,Tectonic breccia +chert,tectonic breccia ,[breccia],100,
2501,MSX,Tectonic breccia ? chert ,tectonic breccia  ,[breccia],100,
2501,MDM,Medium-grained dolerite,medium grained dolerite,[dolerite,100,
2501,MBL,Fine grained basalt with abundant carbonate lenses,fine grained basalt with abundant carbonate lenses,[carbonate,100,
2501,BLT,Basalt,basalt,[basalt,100,
2501,MSCH,Mafic Schist,mafic schist,[schist,100,
2501,SI,Silica Altered Rock,silica altered rock,[rock],100,
2501,NOO,Undifferentaited transported material,erentaited transported material,[colluvium,100,
2501,USO,Schistose ultramafics,schistose ultramafics,Other,67,
2501,MBP,Pillow basalt,pillow basalt,[basalt,100,
2501,FSF,Felsic tectonite with feldspar,felsic tectonite with feldspar,[felsic,100,
2501,FSF,With feldspar,with feldspar,Other,76,
2501,MDO,Undifferentiated doleritesexcept PPD MZO & MMO,dolerites,[dolerite,94,
2501,GOO,Granitic rocks,granitic rocks,[granitic-rock],96,
2501,DOO,Undifferentiated duricrust,duricrust,[duricrust],100,
2501,UNK,Unknown,unknown,[unclassified_rock,101,
2501,TS,Tertiary Sediments,tertiary sediments,[sediments],100,
2501,OSO,Undifferentiated rock type - schistose rock,rock type   schistose rock,[rock],100,
2501,OSO,Undifferentiated schistose rock,schistose rock,[rock],100,
2501,FI,Undifferentiated Felsic Intrusives,felsic intrusives,[felsic,100,
2501,FSM,Felsic mylonite,felsic mylonite,[mylonite,100,
2501,MW,Moderatey Weathered,moderatey weathered,Other,55,
2501,MSB,Compositionally banded mafic schist lower sericite,compositionally banded mafic schist ,[schist,100,
2501,TNL,Tonalite,tonalite,[tonalite],100,
2501,GDO,coarse medium grained granitiods,coarse medium grained granitiods,Other,71,
2501,GDO,coarse-medium grained granitoids hi ferro-mag content granodiorites,coarse medium grained granitoids  hi ferro mag content ,Other,71,
2501,MSB,Compositionally banded mafic schist lower in sericite than MSS,compositionally banded mafic schist ,[schist,100,
2501,SOO,Undifferentiated sedimentary rocks,sedimentary rocks,Other,80,
2501,QZVN,Quartz Vein,quartz vein,[vein,100,
2501,QGTS,Quartz Gravel Tertiary,quartz gravel tertiary,[vein,100,
2501,M,Undifferentaited Mafic,erentaited mafic,[mafic,100,
2501,VQO,undifferentiated vein largely quartz,vein  largely quartz,[vein,100,
2501,VQO,Undifferentiated vein - largely quartz,vein   largely quartz,[vein,100,
2501,PDD,Proterozoic dolerite dyke Unaltered and undeformed,proterozoic dolerite dyke  unaltered and undeformed,[dolerite,100,
2501,MDP,Pyroxenite melanocratic dolerite with small mafic crysts/clots,pyroxenite  melanocratic dolerite with small mafic crysts clots,[pyroxenite,100,
2501,MBM,Massive basalt,massive basalt,[basalt,100,
2501,SCF,Ferruginous chert & BIF,ferruginous chert   bif,[banded_iron_formation,101,
2501,FD,Felsic Dyke,felsic dyke,[felsic,100,
2501,MRK,Mafic Rock,mafic rock,[rock],100,
2501,GCO,Coarse grained granites,coarse grained granites,Other,76,
2501,GCO,coarse grained >3mm granites qz-fd-bt-mu,coarse grained ,[quartz-rich-coarse-grained-crystalline-rock,100,
